id,condition,country,price,is available,title,reserved by user
1,end,Brazil,3117,1,3 Easy Ways To Make MOSCOW BURNED DOWN Faster,none
2,end,French Southern Territories,4972,1,Here Is What You Should Do For Your MOSCOW BURNED DOWN,none
3,end,Haiti,4693,1,3 Tips About MOSCOW BURNED DOWN You Can't Afford To Miss,none
4,pending,"Tanzania, United Republic of",1666,1,3 Tips About MOSCOW BURNED DOWN You Can't Afford To Miss,none
5,pending,Belgium,3234,1,3 Tips About MOSCOW BURNED DOWN You Can't Afford To Miss,none
6,pending,French Polynesia,4497,1,3 Easy Ways To Make MOSCOW BURNED DOWN Faster,none
7,creating,Tuvalu,4425,1,3 Tips About MOSCOW BURNED DOWN You Can't Afford To Miss,none
8,pending,Peru,2322,1,Here Is What You Should Do For Your MOSCOW BURNED DOWN,none
9,pending,"Congo, The Democratic Republic of the",2052,1,Apply These 5 Secret Techniques To Improve MOSCOW BURNED DOWN,none
10,pending,Viet Nam,2904,1,Short Story: The Truth About MOSCOW BURNED DOWN,none
11,creating,Dominican Republic,1710,1,Get Better MOSCOW BURNED DOWN Results By Following 3 Simple Steps,none
12,creating,Ireland,1314,1,Best MOSCOW BURNED DOWN Android/iPhone Apps,none
13,creating,Martinique,1179,1,3 Easy Ways To Make MOSCOW BURNED DOWN Faster,none
14,end,Comoros,1413,1,Here Is What You Should Do For Your MOSCOW BURNED DOWN,none
15,end,belarus,4005,1,Apply These 5 Secret Techniques To Improve MOSCOW BURNED DOWN,none
16,end,Solomon Islands,2675,1,Apply These 5 Secret Techniques To Improve MOSCOW BURNED DOWN,none
17,end,Gibraltar,947,1,Best MOSCOW BURNED DOWN Android/iPhone Apps,none
18,creating,"Micronesia, Federated States of",1601,1,3 Easy Ways To Make MOSCOW BURNED DOWN Faster,none
19,end,Paraguay,2387,1,3 Tips About MOSCOW BURNED DOWN You Can't Afford To Miss,none
20,end,Turks and Caicos Islands,2319,1,Apply These 5 Secret Techniques To Improve MOSCOW BURNED DOWN,none
21,end,Heard Island and McDonald Islands,4780,1,Best MOSCOW BURNED DOWN Android/iPhone Apps,none
22,creating,Cyprus,4036,1,3 Easy Ways To Make MOSCOW BURNED DOWN Faster,none
23,pending,"Tanzania, United Republic of",2686,1,Best MOSCOW BURNED DOWN Android/iPhone Apps,none
24,pending,Guernsey,3080,1,3 Easy Ways To Make MOSCOW BURNED DOWN Faster,none
25,end,Gambia,1529,1,Get Better MOSCOW BURNED DOWN Results By Following 3 Simple Steps,none
26,pending,Israel,1124,1,Here Is What You Should Do For Your MOSCOW BURNED DOWN,none
27,pending,Slovakia,4679,1,3 Easy Ways To Make MOSCOW BURNED DOWN Faster,none
28,pending,Viet Nam,1121,1,Best MOSCOW BURNED DOWN Android/iPhone Apps,none
29,creating,Fiji,3920,1,Best MOSCOW BURNED DOWN Android/iPhone Apps,none
30,pending,Honduras,4584,1,Best MOSCOW BURNED DOWN Android/iPhone Apps,none
31,pending,Kazakhstan,2917,1,3 Easy Ways To Make MOSCOW BURNED DOWN Faster,none
32,end,Isle of Man,4086,1,Short Story: The Truth About MOSCOW BURNED DOWN,none
33,pending,Zambia,918,1,Here Is What You Should Do For Your MOSCOW BURNED DOWN,none
34,pending,Finland,1903,1,3 Easy Ways To Make MOSCOW BURNED DOWN Faster,none
35,pending,Australia,1838,1,Here Is What You Should Do For Your MOSCOW BURNED DOWN,none
36,pending,Latvia,1208,1,Here Is What You Should Do For Your MOSCOW BURNED DOWN,none
37,creating,French Guiana,1988,1,Here Is What You Should Do For Your MOSCOW BURNED DOWN,none
38,creating,New Zealand,2259,1,3 Tips About MOSCOW BURNED DOWN You Can't Afford To Miss,none
39,pending,Bahrain,3107,1,Apply These 5 Secret Techniques To Improve MOSCOW BURNED DOWN,none
40,creating,Guinea,2130,1,3 Easy Ways To Make MOSCOW BURNED DOWN Faster,none
41,creating,Burundi,3405,1,Here Is What You Should Do For Your MOSCOW BURNED DOWN,none
42,end,Suriname,1789,1,Here Is What You Should Do For Your MOSCOW BURNED DOWN,none
43,end,Bahamas,1162,1,3 Easy Ways To Make MOSCOW BURNED DOWN Faster,none
44,creating,Bhutan,3888,1,3 Easy Ways To Make MOSCOW BURNED DOWN Faster,none
45,end,Tokelau,4627,1,Get Better MOSCOW BURNED DOWN Results By Following 3 Simple Steps,none
46,creating,Aland Islands,2940,1,Get Better MOSCOW BURNED DOWN Results By Following 3 Simple Steps,none
47,pending,Luxembourg,2243,1,Apply These 5 Secret Techniques To Improve MOSCOW BURNED DOWN,none
48,creating,"Congo, The Democratic Republic of the",3201,1,Here Is What You Should Do For Your MOSCOW BURNED DOWN,none
49,end,Eritrea,3657,1,3 Easy Ways To Make MOSCOW BURNED DOWN Faster,none
50,end,Argentina,3473,1,Short Story: The Truth About MOSCOW BURNED DOWN,none
51,creating,Mayotte,3885,1,Here Is What You Should Do For Your MOSCOW BURNED DOWN,none
52,pending,Georgia,1539,1,3 Easy Ways To Make MOSCOW BURNED DOWN Faster,none
53,creating,Haiti,1191,1,3 Tips About MOSCOW BURNED DOWN You Can't Afford To Miss,none
54,end,Anguilla,1801,1,Get Better MOSCOW BURNED DOWN Results By Following 3 Simple Steps,none
55,pending,Slovakia,3920,1,Here Is What You Should Do For Your MOSCOW BURNED DOWN,none
56,creating,Belize,1747,1,3 Easy Ways To Make MOSCOW BURNED DOWN Faster,none
57,pending,Faroe Islands,4239,1,Get Better MOSCOW BURNED DOWN Results By Following 3 Simple Steps,none
58,pending,Dominica,2712,1,3 Tips About MOSCOW BURNED DOWN You Can't Afford To Miss,none
59,end,Palau,2161,1,3 Easy Ways To Make MOSCOW BURNED DOWN Faster,none
60,end,Ecuador,1511,1,Best MOSCOW BURNED DOWN Android/iPhone Apps,none
61,creating,Mexico,911,1,Apply These 5 Secret Techniques To Improve MOSCOW BURNED DOWN,none
62,creating,Cayman Islands,3689,1,3 Tips About MOSCOW BURNED DOWN You Can't Afford To Miss,none
63,pending,"Tanzania, United Republic of",1509,1,Best MOSCOW BURNED DOWN Android/iPhone Apps,none
64,pending,Eritrea,2711,1,Get Better MOSCOW BURNED DOWN Results By Following 3 Simple Steps,none
65,pending,"Moldova, Republic of",997,1,3 Easy Ways To Make MOSCOW BURNED DOWN Faster,none
66,end,Austria,2841,1,Short Story: The Truth About MOSCOW BURNED DOWN,none
67,end,"Micronesia, Federated States of",1064,1,3 Tips About MOSCOW BURNED DOWN You Can't Afford To Miss,none
68,end,Djibouti,3124,1,Apply These 5 Secret Techniques To Improve MOSCOW BURNED DOWN,none
69,creating,Honduras,4396,1,Best MOSCOW BURNED DOWN Android/iPhone Apps,none
70,pending,Sweden,3194,1,3 Easy Ways To Make MOSCOW BURNED DOWN Faster,none
71,end,Israel,3578,1,Get Better MOSCOW BURNED DOWN Results By Following 3 Simple Steps,none
72,creating,Antigua and Barbuda,1717,1,3 Easy Ways To Make MOSCOW BURNED DOWN Faster,none
73,pending,Syrian Arab Republic,1403,1,Here Is What You Should Do For Your MOSCOW BURNED DOWN,none
74,creating,India,1500,1,3 Tips About MOSCOW BURNED DOWN You Can't Afford To Miss,none
75,end,Saudi Arabia,1526,1,Here Is What You Should Do For Your MOSCOW BURNED DOWN,none
76,end,Syrian Arab Republic,3828,1,3 Easy Ways To Make MOSCOW BURNED DOWN Faster,none
77,end,French Polynesia,2149,1,3 Easy Ways To Make MOSCOW BURNED DOWN Faster,none
78,creating,Iceland,1679,1,Here Is What You Should Do For Your MOSCOW BURNED DOWN,none
79,creating,Pakistan,2602,1,Get Better MOSCOW BURNED DOWN Results By Following 3 Simple Steps,none
80,end,Falkland Islands (Malvinas),4507,1,3 Easy Ways To Make MOSCOW BURNED DOWN Faster,none
81,end,"Palestinian Territory, Occupied",2605,1,Short Story: The Truth About MOSCOW BURNED DOWN,none
82,creating,Guinea,1185,1,3 Easy Ways To Make MOSCOW BURNED DOWN Faster,none
83,pending,China,1635,1,3 Easy Ways To Make MOSCOW BURNED DOWN Faster,none
84,end,Tajikistan,929,1,Here Is What You Should Do For Your MOSCOW BURNED DOWN,none
85,end,Burundi,3256,1,3 Easy Ways To Make MOSCOW BURNED DOWN Faster,none
86,pending,Tunisia,3882,1,3 Easy Ways To Make MOSCOW BURNED DOWN Faster,none
87,end,"Tanzania, United Republic of",2931,1,3 Easy Ways To Make MOSCOW BURNED DOWN Faster,none
88,end,Romania,1905,1,Short Story: The Truth About MOSCOW BURNED DOWN,none
89,pending,Portugal,1547,1,Get Better MOSCOW BURNED DOWN Results By Following 3 Simple Steps,none
90,creating,Malta,3684,1,Apply These 5 Secret Techniques To Improve MOSCOW BURNED DOWN,none
91,end,British Indian Ocean Territory,1876,1,Here Is What You Should Do For Your MOSCOW BURNED DOWN,none
92,pending,Canada,2390,1,3 Easy Ways To Make MOSCOW BURNED DOWN Faster,none
93,creating,New Zealand,4069,1,Apply These 5 Secret Techniques To Improve MOSCOW BURNED DOWN,none
94,end,Svalbard and Jan Mayen,4967,1,Apply These 5 Secret Techniques To Improve MOSCOW BURNED DOWN,none
95,creating,Sao Tome and Principe,3237,1,Get Better MOSCOW BURNED DOWN Results By Following 3 Simple Steps,none
96,creating,"Palestinian Territory, Occupied",4237,1,Apply These 5 Secret Techniques To Improve MOSCOW BURNED DOWN,none
97,pending,Belgium,1297,1,3 Tips About MOSCOW BURNED DOWN You Can't Afford To Miss,none
98,creating,Spain,3410,1,3 Easy Ways To Make MOSCOW BURNED DOWN Faster,none
99,end,Brazil,1985,1,3 Easy Ways To Make MOSCOW BURNED DOWN Faster,none
100,pending,Chad,4766,1,3 Easy Ways To Make MOSCOW BURNED DOWN Faster,none
101,end,Denmark,2926,1,Get Better MOSCOW BURNED DOWN Results By Following 3 Simple Steps,none
102,creating,Mali,1230,1,Short Story: The Truth About MOSCOW BURNED DOWN,none
103,pending,New Caledonia,2289,1,3 Tips About MOSCOW BURNED DOWN You Can't Afford To Miss,none
104,creating,Trinidad and Tobago,1909,1,Here Is What You Should Do For Your MOSCOW BURNED DOWN,none
105,pending,Egypt,4532,1,Apply These 5 Secret Techniques To Improve MOSCOW BURNED DOWN,none
106,end,"Iran, Islamic Republic of",4414,1,3 Easy Ways To Make MOSCOW BURNED DOWN Faster,none
107,end,Kazakhstan,3374,1,3 Tips About MOSCOW BURNED DOWN You Can't Afford To Miss,none
108,pending,Senegal,4226,1,Apply These 5 Secret Techniques To Improve MOSCOW BURNED DOWN,none
109,pending,Greenland,4116,1,Short Story: The Truth About MOSCOW BURNED DOWN,none
110,end,Georgia,2473,1,Short Story: The Truth About MOSCOW BURNED DOWN,none
111,pending,French Southern Territories,3276,1,Best MOSCOW BURNED DOWN Android/iPhone Apps,none
112,pending,United States Minor Outlying Islands,1222,1,3 Tips About MOSCOW BURNED DOWN You Can't Afford To Miss,none
113,pending,Seychelles,4740,1,Get Better MOSCOW BURNED DOWN Results By Following 3 Simple Steps,none
114,pending,Kazakhstan,1387,1,Get Better MOSCOW BURNED DOWN Results By Following 3 Simple Steps,none
115,creating,Morocco,3806,1,3 Easy Ways To Make MOSCOW BURNED DOWN Faster,none
116,creating,Sudan,4114,1,Short Story: The Truth About MOSCOW BURNED DOWN,none
117,end,Malta,3921,1,3 Tips About MOSCOW BURNED DOWN You Can't Afford To Miss,none
118,creating,El Salvador,4674,1,Here Is What You Should Do For Your MOSCOW BURNED DOWN,none
119,creating,Norway,2705,1,3 Easy Ways To Make MOSCOW BURNED DOWN Faster,none
120,pending,Spain,4862,1,Apply These 5 Secret Techniques To Improve MOSCOW BURNED DOWN,none
121,end,Cyprus,4448,1,3 Easy Ways To Make MOSCOW BURNED DOWN Faster,none
122,end,Ghana,2844,1,Apply These 5 Secret Techniques To Improve MOSCOW BURNED DOWN,none
123,pending,Viet Nam,1559,1,3 Tips About MOSCOW BURNED DOWN You Can't Afford To Miss,none
124,end,Brunei Darussalam,2368,1,Here Is What You Should Do For Your MOSCOW BURNED DOWN,none
125,creating,South Sudan,3687,1,3 Easy Ways To Make MOSCOW BURNED DOWN Faster,none
126,pending,British Indian Ocean Territory,2929,1,Here Is What You Should Do For Your MOSCOW BURNED DOWN,none
127,creating,India,2669,1,3 Easy Ways To Make MOSCOW BURNED DOWN Faster,none
128,creating,Spain,4632,1,Short Story: The Truth About MOSCOW BURNED DOWN,none
129,creating,Tonga,4032,1,Best MOSCOW BURNED DOWN Android/iPhone Apps,none
130,end,Réunion,1653,1,Get Better MOSCOW BURNED DOWN Results By Following 3 Simple Steps,none
131,end,Turks and Caicos Islands,2167,1,3 Tips About MOSCOW BURNED DOWN You Can't Afford To Miss,none
132,end,Peru,3635,1,Apply These 5 Secret Techniques To Improve MOSCOW BURNED DOWN,none
133,pending,Luxembourg,4983,1,Get Better MOSCOW BURNED DOWN Results By Following 3 Simple Steps,none
134,creating,Ireland,1148,1,Apply These 5 Secret Techniques To Improve MOSCOW BURNED DOWN,none
135,creating,Turkey,1925,1,Here Is What You Should Do For Your MOSCOW BURNED DOWN,none
136,creating,Martinique,3409,1,Short Story: The Truth About MOSCOW BURNED DOWN,none
137,end,Macao,3972,1,3 Tips About MOSCOW BURNED DOWN You Can't Afford To Miss,none
138,creating,Sao Tome and Principe,2099,1,Short Story: The Truth About MOSCOW BURNED DOWN,none
139,pending,Aruba,4221,1,3 Easy Ways To Make MOSCOW BURNED DOWN Faster,none
140,end,Heard Island and McDonald Islands,4744,1,3 Easy Ways To Make MOSCOW BURNED DOWN Faster,none
141,pending,United States,3845,1,Here Is What You Should Do For Your MOSCOW BURNED DOWN,none
142,pending,Gambia,4793,1,Short Story: The Truth About MOSCOW BURNED DOWN,none
143,pending,Luxembourg,983,1,Here Is What You Should Do For Your MOSCOW BURNED DOWN,none
144,creating,Mauritius,4103,1,Get Better MOSCOW BURNED DOWN Results By Following 3 Simple Steps,none
145,end,Paraguay,4387,1,Apply These 5 Secret Techniques To Improve MOSCOW BURNED DOWN,none
146,end,Netherlands,3756,1,Apply These 5 Secret Techniques To Improve MOSCOW BURNED DOWN,none
147,end,Qatar,2277,1,3 Tips About MOSCOW BURNED DOWN You Can't Afford To Miss,none
148,pending,Republic of Kuwait,1533,1,3 Tips About MOSCOW BURNED DOWN You Can't Afford To Miss,none
149,pending,Thailand,2526,1,3 Easy Ways To Make MOSCOW BURNED DOWN Faster,none
150,creating,Guadeloupe,2208,1,Here Is What You Should Do For Your MOSCOW BURNED DOWN,none
151,pending,Christmas Island,1069,1,Short Story: The Truth About MOSCOW BURNED DOWN,none
152,end,Togo,3003,1,Here Is What You Should Do For Your MOSCOW BURNED DOWN,none
153,pending,Bangladesh,4063,1,Apply These 5 Secret Techniques To Improve MOSCOW BURNED DOWN,none
154,creating,Maldives,4114,1,3 Easy Ways To Make MOSCOW BURNED DOWN Faster,none
155,pending,Czech Republic,4356,1,Best MOSCOW BURNED DOWN Android/iPhone Apps,none
156,end,Isle of Man,4244,1,3 Tips About MOSCOW BURNED DOWN You Can't Afford To Miss,none
157,end,Pakistan,2276,1,3 Easy Ways To Make MOSCOW BURNED DOWN Faster,none
158,creating,Singapore,3050,1,Here Is What You Should Do For Your MOSCOW BURNED DOWN,none
159,creating,South Georgia and the South Sandwich Islands,3396,1,Get Better MOSCOW BURNED DOWN Results By Following 3 Simple Steps,none
160,pending,Jersey,3024,1,Best MOSCOW BURNED DOWN Android/iPhone Apps,none
161,pending,Guyana,2265,1,Get Better MOSCOW BURNED DOWN Results By Following 3 Simple Steps,none
162,creating,Montserrat,4582,1,Best MOSCOW BURNED DOWN Android/iPhone Apps,none
163,pending,Monaco,1001,1,3 Easy Ways To Make MOSCOW BURNED DOWN Faster,none
164,pending,Liberia,1883,1,3 Easy Ways To Make MOSCOW BURNED DOWN Faster,none
165,pending,United Kingdom,2400,1,Get Better MOSCOW BURNED DOWN Results By Following 3 Simple Steps,none
166,creating,Syrian Arab Republic,2285,1,3 Easy Ways To Make MOSCOW BURNED DOWN Faster,none
167,creating,Fiji,4775,1,Short Story: The Truth About MOSCOW BURNED DOWN,none
168,creating,Hong Kong,4206,1,Apply These 5 Secret Techniques To Improve MOSCOW BURNED DOWN,none
169,pending,Burundi,3021,1,Get Better MOSCOW BURNED DOWN Results By Following 3 Simple Steps,none
170,creating,Singapore,2626,1,Get Better MOSCOW BURNED DOWN Results By Following 3 Simple Steps,none
171,end,Macao,1968,1,Best MOSCOW BURNED DOWN Android/iPhone Apps,none
172,pending,Netherlands,4685,1,3 Easy Ways To Make MOSCOW BURNED DOWN Faster,none
173,end,"Korea, Democratic People's Republic of",1233,1,Short Story: The Truth About MOSCOW BURNED DOWN,none
174,end,Greenland,2472,1,Apply These 5 Secret Techniques To Improve MOSCOW BURNED DOWN,none
175,end,Canada,4132,1,3 Easy Ways To Make MOSCOW BURNED DOWN Faster,none
176,pending,"Micronesia, Federated States of",4600,1,3 Tips About MOSCOW BURNED DOWN You Can't Afford To Miss,none
177,pending,Ukraine,3278,1,Apply These 5 Secret Techniques To Improve MOSCOW BURNED DOWN,none
178,pending,"Bolivia, Plurinational State of",3486,1,Short Story: The Truth About MOSCOW BURNED DOWN,none
179,creating,Antigua and Barbuda,4933,1,3 Easy Ways To Make MOSCOW BURNED DOWN Faster,none
180,pending,Marshall Islands,1995,1,3 Tips About MOSCOW BURNED DOWN You Can't Afford To Miss,none
181,creating,French Guiana,4665,1,Short Story: The Truth About MOSCOW BURNED DOWN,none
182,creating,Germany,3456,1,3 Easy Ways To Make MOSCOW BURNED DOWN Faster,none
183,creating,Saint Kitts and Nevis,1997,1,Best MOSCOW BURNED DOWN Android/iPhone Apps,none
184,pending,Greenland,4715,1,Short Story: The Truth About MOSCOW BURNED DOWN,none
185,pending,Saint Martin (French part),1842,1,Best MOSCOW BURNED DOWN Android/iPhone Apps,none
186,creating,French Southern Territories,1523,1,Apply These 5 Secret Techniques To Improve MOSCOW BURNED DOWN,none
187,end,"Virgin Islands, British",2495,1,Get Better MOSCOW BURNED DOWN Results By Following 3 Simple Steps,none
188,end,Angola,3455,1,Apply These 5 Secret Techniques To Improve MOSCOW BURNED DOWN,none
189,creating,Israel,4618,1,Apply These 5 Secret Techniques To Improve MOSCOW BURNED DOWN,none
190,creating,Togo,2429,1,Here Is What You Should Do For Your MOSCOW BURNED DOWN,none
191,end,Israel,1636,1,Apply These 5 Secret Techniques To Improve MOSCOW BURNED DOWN,none
192,end,South Sudan,3292,1,3 Tips About MOSCOW BURNED DOWN You Can't Afford To Miss,none
193,creating,Germany,4627,1,Here Is What You Should Do For Your MOSCOW BURNED DOWN,none
194,end,French Southern Territories,2306,1,Best MOSCOW BURNED DOWN Android/iPhone Apps,none
195,end,Réunion,2633,1,Here Is What You Should Do For Your MOSCOW BURNED DOWN,none
196,end,Japan,3301,1,3 Easy Ways To Make MOSCOW BURNED DOWN Faster,none
197,pending,Congo,3338,1,3 Easy Ways To Make MOSCOW BURNED DOWN Faster,none
198,creating,Madagascar,993,1,Best MOSCOW BURNED DOWN Android/iPhone Apps,none
199,end,Northern Mariana Islands,1272,1,Best MOSCOW BURNED DOWN Android/iPhone Apps,none
200,pending,Djibouti,4939,1,Best MOSCOW BURNED DOWN Android/iPhone Apps,none
201,pending,Djibouti,4095,1,3 Easy Ways To Make MOSCOW BURNED DOWN Faster,none
202,pending,Indonesia,2579,1,Best MOSCOW BURNED DOWN Android/iPhone Apps,none
203,end,Georgia,3521,1,Get Better MOSCOW BURNED DOWN Results By Following 3 Simple Steps,none
204,end,Palau,4720,1,Short Story: The Truth About MOSCOW BURNED DOWN,none
205,creating,Mongolia,3131,1,Apply These 5 Secret Techniques To Improve MOSCOW BURNED DOWN,none
206,pending,Myanmar,2594,1,Apply These 5 Secret Techniques To Improve MOSCOW BURNED DOWN,none
207,end,Sri Lanka,1817,1,Short Story: The Truth About MOSCOW BURNED DOWN,none
208,end,New Zealand,1493,1,Best MOSCOW BURNED DOWN Android/iPhone Apps,none
209,end,Togo,4038,1,Best MOSCOW BURNED DOWN Android/iPhone Apps,none
210,end,Namibia,4903,1,3 Easy Ways To Make MOSCOW BURNED DOWN Faster,none
211,pending,Netherlands,4889,1,Apply These 5 Secret Techniques To Improve MOSCOW BURNED DOWN,none
212,end,"Moldova, Republic of",4438,1,3 Easy Ways To Make MOSCOW BURNED DOWN Faster,none
213,end,Guinea,4201,1,Get Better MOSCOW BURNED DOWN Results By Following 3 Simple Steps,none
214,end,Gabon,2146,1,3 Tips About MOSCOW BURNED DOWN You Can't Afford To Miss,none
215,end,Vanuatu,4508,1,Apply These 5 Secret Techniques To Improve MOSCOW BURNED DOWN,none
216,pending,"Macedonia, Republic of",2388,1,3 Easy Ways To Make MOSCOW BURNED DOWN Faster,none
217,creating,Seychelles,2589,1,3 Tips About MOSCOW BURNED DOWN You Can't Afford To Miss,none
218,end,Northern Mariana Islands,2429,1,Short Story: The Truth About MOSCOW BURNED DOWN,none
219,end,Namibia,4503,1,Best MOSCOW BURNED DOWN Android/iPhone Apps,none
220,pending,Turkey,3812,1,Best MOSCOW BURNED DOWN Android/iPhone Apps,none
221,pending,Kyrgyzstan,3705,1,3 Easy Ways To Make MOSCOW BURNED DOWN Faster,none
222,end,Mongolia,3266,1,Best MOSCOW BURNED DOWN Android/iPhone Apps,none
223,end,Syrian Arab Republic,1273,1,3 Tips About MOSCOW BURNED DOWN You Can't Afford To Miss,none
224,creating,Greenland,1440,1,3 Easy Ways To Make MOSCOW BURNED DOWN Faster,none
225,end,Guadeloupe,1120,1,Short Story: The Truth About MOSCOW BURNED DOWN,none
226,creating,Eritrea,3513,1,Here Is What You Should Do For Your MOSCOW BURNED DOWN,none
227,pending,Suriname,2367,1,3 Tips About MOSCOW BURNED DOWN You Can't Afford To Miss,none
228,end,Puerto Rico,3071,1,Get Better MOSCOW BURNED DOWN Results By Following 3 Simple Steps,none
229,pending,Kiribati,1154,1,Short Story: The Truth About MOSCOW BURNED DOWN,none
230,end,Algeria,3405,1,Best MOSCOW BURNED DOWN Android/iPhone Apps,none
231,creating,Guam,2441,1,Get Better MOSCOW BURNED DOWN Results By Following 3 Simple Steps,none
232,pending,Bosnia and Herzegovina,3002,1,Short Story: The Truth About MOSCOW BURNED DOWN,none
233,creating,Nepal,4532,1,Get Better MOSCOW BURNED DOWN Results By Following 3 Simple Steps,none
234,end,Niger,1067,1,3 Easy Ways To Make MOSCOW BURNED DOWN Faster,none
235,creating,South Georgia and the South Sandwich Islands,1651,1,Get Better MOSCOW BURNED DOWN Results By Following 3 Simple Steps,none
236,end,Albania,2931,1,Best MOSCOW BURNED DOWN Android/iPhone Apps,none
237,end,Holy See (Vatican City State),4053,1,Short Story: The Truth About MOSCOW BURNED DOWN,none
238,creating,French Guiana,2239,1,Get Better MOSCOW BURNED DOWN Results By Following 3 Simple Steps,none
239,creating,Guyana,1373,1,Get Better MOSCOW BURNED DOWN Results By Following 3 Simple Steps,none
240,end,"Micronesia, Federated States of",2615,1,Here Is What You Should Do For Your MOSCOW BURNED DOWN,none
241,creating,Netherlands,1516,1,3 Easy Ways To Make MOSCOW BURNED DOWN Faster,none
242,pending,Guyana,2765,1,3 Tips About MOSCOW BURNED DOWN You Can't Afford To Miss,none
243,end,Ukraine,3521,1,3 Easy Ways To Make MOSCOW BURNED DOWN Faster,none
244,pending,New Caledonia,1982,1,Here Is What You Should Do For Your MOSCOW BURNED DOWN,none
245,pending,belarus,944,1,Get Better MOSCOW BURNED DOWN Results By Following 3 Simple Steps,none
246,end,Tuvalu,1776,1,Apply These 5 Secret Techniques To Improve MOSCOW BURNED DOWN,none
247,creating,Lao People's Democratic Republic,2697,1,Short Story: The Truth About MOSCOW BURNED DOWN,none
248,end,Kyrgyzstan,1170,1,Short Story: The Truth About MOSCOW BURNED DOWN,none
249,end,Samoa,3907,1,Get Better MOSCOW BURNED DOWN Results By Following 3 Simple Steps,none
250,end,Kyrgyzstan,3428,1,3 Easy Ways To Make MOSCOW BURNED DOWN Faster,none
251,creating,Ecuador,1878,1,3 Tips About MOSCOW BURNED DOWN You Can't Afford To Miss,none
252,end,"Taiwan, Province of China",1760,1,Here Is What You Should Do For Your MOSCOW BURNED DOWN,none
253,end,Azerbaijan,3613,1,3 Easy Ways To Make MOSCOW BURNED DOWN Faster,none
254,pending,South Sudan,3243,1,Here Is What You Should Do For Your MOSCOW BURNED DOWN,none
255,creating,Tokelau,1481,1,Apply These 5 Secret Techniques To Improve MOSCOW BURNED DOWN,none
256,creating,Palau,1955,1,3 Tips About MOSCOW BURNED DOWN You Can't Afford To Miss,none
257,pending,Guyana,4449,1,Best MOSCOW BURNED DOWN Android/iPhone Apps,none
258,pending,Central African Republic,4385,1,Apply These 5 Secret Techniques To Improve MOSCOW BURNED DOWN,none
259,pending,Costa Rica,3620,1,3 Easy Ways To Make MOSCOW BURNED DOWN Faster,none
260,end,Guinea,3876,1,Best MOSCOW BURNED DOWN Android/iPhone Apps,none
261,creating,South Georgia and the South Sandwich Islands,2080,1,3 Tips About MOSCOW BURNED DOWN You Can't Afford To Miss,none
262,end,Saint Lucia,4397,1,3 Easy Ways To Make MOSCOW BURNED DOWN Faster,none
263,creating,Jersey,4606,1,3 Easy Ways To Make MOSCOW BURNED DOWN Faster,none
264,end,Benin,4588,1,Best MOSCOW BURNED DOWN Android/iPhone Apps,none
265,end,"Iran, Islamic Republic of",1296,1,Here Is What You Should Do For Your MOSCOW BURNED DOWN,none
266,creating,South Africa,2924,1,Here Is What You Should Do For Your MOSCOW BURNED DOWN,none
267,creating,Eritrea,3080,1,3 Easy Ways To Make MOSCOW BURNED DOWN Faster,none
268,pending,Switzerland,4935,1,3 Easy Ways To Make MOSCOW BURNED DOWN Faster,none
269,creating,Algeria,4568,1,Short Story: The Truth About MOSCOW BURNED DOWN,none
270,pending,Qatar,1265,1,Best MOSCOW BURNED DOWN Android/iPhone Apps,none
271,pending,Guinea-Bissau,1645,1,Here Is What You Should Do For Your MOSCOW BURNED DOWN,none
272,end,Gambia,4615,1,Best MOSCOW BURNED DOWN Android/iPhone Apps,none
273,pending,Maldives,1354,1,Best MOSCOW BURNED DOWN Android/iPhone Apps,none
274,end,Saint Vincent and the Grenadines,3290,1,3 Tips About MOSCOW BURNED DOWN You Can't Afford To Miss,none
275,creating,Myanmar,1765,1,3 Tips About MOSCOW BURNED DOWN You Can't Afford To Miss,none
276,creating,Belgium,2098,1,3 Easy Ways To Make MOSCOW BURNED DOWN Faster,none
277,end,Madagascar,1378,1,3 Easy Ways To Make MOSCOW BURNED DOWN Faster,none
278,creating,Cocos (Keeling) Islands,1534,1,3 Easy Ways To Make MOSCOW BURNED DOWN Faster,none
279,pending,Thailand,4323,1,3 Easy Ways To Make MOSCOW BURNED DOWN Faster,none
280,pending,Bahrain,2217,1,3 Easy Ways To Make MOSCOW BURNED DOWN Faster,none
281,end,Guyana,1406,1,3 Tips About MOSCOW BURNED DOWN You Can't Afford To Miss,none
282,end,Republic of Kuwait,3758,1,3 Easy Ways To Make MOSCOW BURNED DOWN Faster,none
283,creating,French Polynesia,4696,1,Get Better MOSCOW BURNED DOWN Results By Following 3 Simple Steps,none
284,end,United States,2305,1,3 Tips About MOSCOW BURNED DOWN You Can't Afford To Miss,none
285,creating,"Tanzania, United Republic of",2462,1,Short Story: The Truth About MOSCOW BURNED DOWN,none
286,end,Lesotho,4429,1,3 Easy Ways To Make MOSCOW BURNED DOWN Faster,none
287,end,Chad,2388,1,3 Easy Ways To Make MOSCOW BURNED DOWN Faster,none
288,end,Egypt,1468,1,Here Is What You Should Do For Your MOSCOW BURNED DOWN,none
289,pending,United States,1670,1,Short Story: The Truth About MOSCOW BURNED DOWN,none
290,creating,French Guiana,1705,1,Apply These 5 Secret Techniques To Improve MOSCOW BURNED DOWN,none
291,end,Aruba,3317,1,Here Is What You Should Do For Your MOSCOW BURNED DOWN,none
292,creating,Thailand,4020,1,Short Story: The Truth About MOSCOW BURNED DOWN,none
293,pending,Holy See (Vatican City State),4622,1,3 Easy Ways To Make MOSCOW BURNED DOWN Faster,none
294,end,Peru,1606,1,Get Better MOSCOW BURNED DOWN Results By Following 3 Simple Steps,none
295,end,Australia,3012,1,3 Easy Ways To Make MOSCOW BURNED DOWN Faster,none
296,creating,Slovenia,1210,1,Get Better MOSCOW BURNED DOWN Results By Following 3 Simple Steps,none
297,creating,Republic of Kuwait,3043,1,3 Tips About MOSCOW BURNED DOWN You Can't Afford To Miss,none
298,pending,Montenegro,3967,1,Get Better MOSCOW BURNED DOWN Results By Following 3 Simple Steps,none
299,pending,Tunisia,3736,1,Apply These 5 Secret Techniques To Improve MOSCOW BURNED DOWN,none
300,end,Uganda,3761,1,Get Better MOSCOW BURNED DOWN Results By Following 3 Simple Steps,none
301,creating,Rwanda,939,1,Here Is What You Should Do For Your MOSCOW BURNED DOWN,none
302,pending,Haiti,1351,1,Apply These 5 Secret Techniques To Improve MOSCOW BURNED DOWN,none
303,pending,Tajikistan,1942,1,3 Easy Ways To Make MOSCOW BURNED DOWN Faster,none
304,pending,Colombia,3023,1,Short Story: The Truth About MOSCOW BURNED DOWN,none
305,pending,"Saint Helena, Ascension and Tristan da Cunha",1124,1,Get Better MOSCOW BURNED DOWN Results By Following 3 Simple Steps,none
306,pending,Tuvalu,2769,1,Apply These 5 Secret Techniques To Improve MOSCOW BURNED DOWN,none
307,pending,"Korea, Democratic People's Republic of",2160,1,Short Story: The Truth About MOSCOW BURNED DOWN,none
308,creating,Guadeloupe,1034,1,Short Story: The Truth About MOSCOW BURNED DOWN,none
309,pending,Italy,3249,1,Best MOSCOW BURNED DOWN Android/iPhone Apps,none
310,creating,Kazakhstan,4193,1,Here Is What You Should Do For Your MOSCOW BURNED DOWN,none
311,creating,Sint Maarten (Dutch part),1527,1,3 Tips About MOSCOW BURNED DOWN You Can't Afford To Miss,none
312,end,Japan,1373,1,Get Better MOSCOW BURNED DOWN Results By Following 3 Simple Steps,none
313,end,Netherlands,3562,1,Here Is What You Should Do For Your MOSCOW BURNED DOWN,none
314,creating,Belize,3084,1,3 Tips About MOSCOW BURNED DOWN You Can't Afford To Miss,none
315,creating,"Moldova, Republic of",2821,1,Best MOSCOW BURNED DOWN Android/iPhone Apps,none
316,end,Ireland,3422,1,3 Tips About MOSCOW BURNED DOWN You Can't Afford To Miss,none
317,creating,Pakistan,2719,1,3 Easy Ways To Make MOSCOW BURNED DOWN Faster,none
318,end,Cyprus,2379,1,3 Easy Ways To Make MOSCOW BURNED DOWN Faster,none
319,creating,Puerto Rico,2482,1,Get Better MOSCOW BURNED DOWN Results By Following 3 Simple Steps,none
320,end,Guadeloupe,3791,1,Here Is What You Should Do For Your MOSCOW BURNED DOWN,none
321,pending,Cameroon,3345,1,Get Better MOSCOW BURNED DOWN Results By Following 3 Simple Steps,none
322,creating,Saint Kitts and Nevis,3739,1,3 Easy Ways To Make MOSCOW BURNED DOWN Faster,none
323,end,"Iran, Islamic Republic of",4874,1,3 Easy Ways To Make MOSCOW BURNED DOWN Faster,none
324,end,Sint Maarten (Dutch part),3286,1,3 Easy Ways To Make MOSCOW BURNED DOWN Faster,none
325,end,Montserrat,4950,1,Get Better MOSCOW BURNED DOWN Results By Following 3 Simple Steps,none
326,pending,Sao Tome and Principe,4053,1,Here Is What You Should Do For Your MOSCOW BURNED DOWN,none
327,creating,Liberia,1132,1,Here Is What You Should Do For Your MOSCOW BURNED DOWN,none
328,pending,Tunisia,1418,1,3 Tips About MOSCOW BURNED DOWN You Can't Afford To Miss,none
329,creating,Christmas Island,4010,1,Apply These 5 Secret Techniques To Improve MOSCOW BURNED DOWN,none
330,creating,Lao People's Democratic Republic,2056,1,Short Story: The Truth About MOSCOW BURNED DOWN,none
331,end,Turkey,2734,1,3 Easy Ways To Make MOSCOW BURNED DOWN Faster,none
332,end,Swaziland,3912,1,3 Easy Ways To Make MOSCOW BURNED DOWN Faster,none
333,creating,Somalia,3134,1,3 Easy Ways To Make MOSCOW BURNED DOWN Faster,none
334,pending,Nauru,1941,1,Best MOSCOW BURNED DOWN Android/iPhone Apps,none
335,end,Philippines,1863,1,3 Easy Ways To Make MOSCOW BURNED DOWN Faster,none
336,end,Eritrea,1190,1,Apply These 5 Secret Techniques To Improve MOSCOW BURNED DOWN,none
337,pending,Yemen,3008,1,Here Is What You Should Do For Your MOSCOW BURNED DOWN,none
338,creating,Palau,2455,1,Short Story: The Truth About MOSCOW BURNED DOWN,none
339,pending,Jersey,3519,1,Best MOSCOW BURNED DOWN Android/iPhone Apps,none
340,creating,Hong Kong,4560,1,Apply These 5 Secret Techniques To Improve MOSCOW BURNED DOWN,none
341,creating,Portugal,1927,1,Get Better MOSCOW BURNED DOWN Results By Following 3 Simple Steps,none
342,creating,Montenegro,2261,1,Here Is What You Should Do For Your MOSCOW BURNED DOWN,none
343,creating,Ireland,1613,1,Get Better MOSCOW BURNED DOWN Results By Following 3 Simple Steps,none
344,pending,New Zealand,2860,1,Get Better MOSCOW BURNED DOWN Results By Following 3 Simple Steps,none
345,pending,Lao People's Democratic Republic,926,1,Here Is What You Should Do For Your MOSCOW BURNED DOWN,none
346,pending,Iceland,1480,1,Get Better MOSCOW BURNED DOWN Results By Following 3 Simple Steps,none
347,creating,Afghanistan,974,1,3 Easy Ways To Make MOSCOW BURNED DOWN Faster,none
348,end,Saint Martin (French part),2659,1,Short Story: The Truth About MOSCOW BURNED DOWN,none
349,pending,Turks and Caicos Islands,1264,1,Here Is What You Should Do For Your MOSCOW BURNED DOWN,none
350,pending,Northern Mariana Islands,3971,1,3 Easy Ways To Make MOSCOW BURNED DOWN Faster,none
351,end,Thailand,3036,1,Best MOSCOW BURNED DOWN Android/iPhone Apps,none
352,end,Dominican Republic,1449,1,3 Easy Ways To Make MOSCOW BURNED DOWN Faster,none
353,creating,Netherlands,4946,1,Apply These 5 Secret Techniques To Improve MOSCOW BURNED DOWN,none
354,end,Kazakhstan,2195,1,Here Is What You Should Do For Your MOSCOW BURNED DOWN,none
355,pending,United Kingdom,3970,1,Apply These 5 Secret Techniques To Improve MOSCOW BURNED DOWN,none
356,end,India,1707,1,Best MOSCOW BURNED DOWN Android/iPhone Apps,none
357,creating,Tonga,3338,1,Get Better MOSCOW BURNED DOWN Results By Following 3 Simple Steps,none
358,creating,"Virgin Islands, British",3571,1,3 Tips About MOSCOW BURNED DOWN You Can't Afford To Miss,none
359,end,Bhutan,2973,1,3 Easy Ways To Make MOSCOW BURNED DOWN Faster,none
360,end,"Palestinian Territory, Occupied",4578,1,Short Story: The Truth About MOSCOW BURNED DOWN,none
361,end,Aland Islands,2825,1,Apply These 5 Secret Techniques To Improve MOSCOW BURNED DOWN,none
362,creating,russian pederation,2793,1,Apply These 5 Secret Techniques To Improve MOSCOW BURNED DOWN,none
363,creating,Madagascar,1551,1,3 Tips About MOSCOW BURNED DOWN You Can't Afford To Miss,none
364,creating,United Kingdom,2002,1,3 Easy Ways To Make MOSCOW BURNED DOWN Faster,none
365,end,United Kingdom,2636,1,Apply These 5 Secret Techniques To Improve MOSCOW BURNED DOWN,none
366,end,India,1318,1,3 Tips About MOSCOW BURNED DOWN You Can't Afford To Miss,none
367,creating,Afghanistan,4644,1,3 Easy Ways To Make MOSCOW BURNED DOWN Faster,none
368,end,American Samoa,3935,1,Best MOSCOW BURNED DOWN Android/iPhone Apps,none
369,creating,Colombia,3572,1,Get Better MOSCOW BURNED DOWN Results By Following 3 Simple Steps,none
370,pending,Germany,1986,1,3 Tips About MOSCOW BURNED DOWN You Can't Afford To Miss,none
371,pending,Afghanistan,3672,1,3 Easy Ways To Make MOSCOW BURNED DOWN Faster,none
372,pending,Yemen,1205,1,Apply These 5 Secret Techniques To Improve MOSCOW BURNED DOWN,none
373,end,Azerbaijan,4096,1,3 Tips About MOSCOW BURNED DOWN You Can't Afford To Miss,none
374,end,Namibia,3880,1,Apply These 5 Secret Techniques To Improve MOSCOW BURNED DOWN,none
375,creating,Sri Lanka,2905,1,3 Tips About MOSCOW BURNED DOWN You Can't Afford To Miss,none
376,creating,Myanmar,3778,1,Get Better MOSCOW BURNED DOWN Results By Following 3 Simple Steps,none
377,pending,Turks and Caicos Islands,1477,1,3 Easy Ways To Make MOSCOW BURNED DOWN Faster,none
378,creating,Guinea,977,1,3 Easy Ways To Make MOSCOW BURNED DOWN Faster,none
379,end,Myanmar,4506,1,3 Tips About MOSCOW BURNED DOWN You Can't Afford To Miss,none
380,creating,Greece,4583,1,3 Tips About MOSCOW BURNED DOWN You Can't Afford To Miss,none
381,creating,"Palestinian Territory, Occupied",1296,1,Apply These 5 Secret Techniques To Improve MOSCOW BURNED DOWN,none
382,creating,Libya,3598,1,3 Easy Ways To Make MOSCOW BURNED DOWN Faster,none
383,end,Marshall Islands,3872,1,Apply These 5 Secret Techniques To Improve MOSCOW BURNED DOWN,none
384,pending,Uzbekistan,2605,1,Here Is What You Should Do For Your MOSCOW BURNED DOWN,none
385,creating,Cayman Islands,982,1,Short Story: The Truth About MOSCOW BURNED DOWN,none
386,creating,Papua New Guinea,4227,1,Get Better MOSCOW BURNED DOWN Results By Following 3 Simple Steps,none
387,pending,Zimbabwe,2042,1,Get Better MOSCOW BURNED DOWN Results By Following 3 Simple Steps,none
388,pending,Belize,4253,1,Best MOSCOW BURNED DOWN Android/iPhone Apps,none
389,end,Republic of Kuwait,3149,1,3 Easy Ways To Make MOSCOW BURNED DOWN Faster,none
390,pending,Heard Island and McDonald Islands,1942,1,3 Easy Ways To Make MOSCOW BURNED DOWN Faster,none
391,end,Germany,1098,1,Apply These 5 Secret Techniques To Improve MOSCOW BURNED DOWN,none
392,pending,russian pederation,2393,1,Get Better MOSCOW BURNED DOWN Results By Following 3 Simple Steps,none
393,pending,Iraq,1268,1,Best MOSCOW BURNED DOWN Android/iPhone Apps,none
394,end,Austria,2142,1,Short Story: The Truth About MOSCOW BURNED DOWN,none
395,pending,Angola,1073,1,Best MOSCOW BURNED DOWN Android/iPhone Apps,none
396,pending,United States Minor Outlying Islands,4958,1,Apply These 5 Secret Techniques To Improve MOSCOW BURNED DOWN,none
397,pending,Tajikistan,3028,1,Best MOSCOW BURNED DOWN Android/iPhone Apps,none
398,creating,Kazakhstan,1964,1,Get Better MOSCOW BURNED DOWN Results By Following 3 Simple Steps,none
399,end,Norway,4245,1,Best MOSCOW BURNED DOWN Android/iPhone Apps,none
400,creating,Japan,3725,1,3 Easy Ways To Make MOSCOW BURNED DOWN Faster,none
401,creating,Estonia,2554,1,3 Easy Ways To Make MOSCOW BURNED DOWN Faster,none
402,end,Slovenia,2133,1,Here Is What You Should Do For Your MOSCOW BURNED DOWN,none
403,creating,El Salvador,2287,1,Short Story: The Truth About MOSCOW BURNED DOWN,none
404,pending,Greece,3477,1,Get Better MOSCOW BURNED DOWN Results By Following 3 Simple Steps,none
405,creating,New Zealand,2813,1,3 Tips About MOSCOW BURNED DOWN You Can't Afford To Miss,none
406,pending,Guatemala,2265,1,3 Easy Ways To Make MOSCOW BURNED DOWN Faster,none
407,pending,Norfolk Island,1229,1,Here Is What You Should Do For Your MOSCOW BURNED DOWN,none
408,end,Algeria,1715,1,Short Story: The Truth About MOSCOW BURNED DOWN,none
409,creating,Guadeloupe,3138,1,Apply These 5 Secret Techniques To Improve MOSCOW BURNED DOWN,none
410,creating,Afghanistan,1312,1,Best MOSCOW BURNED DOWN Android/iPhone Apps,none
411,end,France,3977,1,3 Easy Ways To Make MOSCOW BURNED DOWN Faster,none
412,end,China,4243,1,Apply These 5 Secret Techniques To Improve MOSCOW BURNED DOWN,none
413,end,Portugal,2010,1,3 Tips About MOSCOW BURNED DOWN You Can't Afford To Miss,none
414,creating,Malawi,3774,1,Get Better MOSCOW BURNED DOWN Results By Following 3 Simple Steps,none
415,creating,Tonga,4703,1,Here Is What You Should Do For Your MOSCOW BURNED DOWN,none
416,end,Martinique,4488,1,3 Tips About MOSCOW BURNED DOWN You Can't Afford To Miss,none
417,end,Tunisia,4564,1,Here Is What You Should Do For Your MOSCOW BURNED DOWN,none
418,creating,Rwanda,3099,1,Get Better MOSCOW BURNED DOWN Results By Following 3 Simple Steps,none
419,end,"Tanzania, United Republic of",1140,1,3 Easy Ways To Make MOSCOW BURNED DOWN Faster,none
420,creating,United Kingdom,4869,1,Apply These 5 Secret Techniques To Improve MOSCOW BURNED DOWN,none
421,pending,Bhutan,4442,1,Apply These 5 Secret Techniques To Improve MOSCOW BURNED DOWN,none
422,pending,"Korea, Democratic People's Republic of",2288,1,Get Better MOSCOW BURNED DOWN Results By Following 3 Simple Steps,none
423,pending,Finland,3481,1,Best MOSCOW BURNED DOWN Android/iPhone Apps,none
424,pending,Albania,1218,1,3 Easy Ways To Make MOSCOW BURNED DOWN Faster,none
425,end,Curaçao,2199,1,3 Easy Ways To Make MOSCOW BURNED DOWN Faster,none
426,end,Lithuania,4477,1,Best MOSCOW BURNED DOWN Android/iPhone Apps,none
427,end,Antigua and Barbuda,945,1,Get Better MOSCOW BURNED DOWN Results By Following 3 Simple Steps,none
428,end,Congo,1529,1,Short Story: The Truth About MOSCOW BURNED DOWN,none
429,creating,Dominica,2505,1,Get Better MOSCOW BURNED DOWN Results By Following 3 Simple Steps,none
430,end,"Tanzania, United Republic of",3070,1,Get Better MOSCOW BURNED DOWN Results By Following 3 Simple Steps,none
431,creating,Mozambique,2178,1,Best MOSCOW BURNED DOWN Android/iPhone Apps,none
432,end,Netherlands,1072,1,Here Is What You Should Do For Your MOSCOW BURNED DOWN,none
433,creating,Kazakhstan,2245,1,Apply These 5 Secret Techniques To Improve MOSCOW BURNED DOWN,none
434,pending,Martinique,1566,1,Best MOSCOW BURNED DOWN Android/iPhone Apps,none
435,end,Republic of Kuwait,3889,1,3 Easy Ways To Make MOSCOW BURNED DOWN Faster,none
436,pending,"Virgin Islands, U.S.",4323,1,Apply These 5 Secret Techniques To Improve MOSCOW BURNED DOWN,none
437,pending,Cameroon,1476,1,Here Is What You Should Do For Your MOSCOW BURNED DOWN,none
438,pending,Wallis and Futuna,3640,1,Here Is What You Should Do For Your MOSCOW BURNED DOWN,none
439,end,Kazakhstan,4978,1,3 Tips About MOSCOW BURNED DOWN You Can't Afford To Miss,none
440,creating,Antigua and Barbuda,2130,1,3 Tips About MOSCOW BURNED DOWN You Can't Afford To Miss,none
441,pending,Niue,2159,1,3 Easy Ways To Make MOSCOW BURNED DOWN Faster,none
442,end,Lebanon,3046,1,Best MOSCOW BURNED DOWN Android/iPhone Apps,none
443,creating,"Bolivia, Plurinational State of",3433,1,Short Story: The Truth About MOSCOW BURNED DOWN,none
444,end,Bermuda,3787,1,3 Tips About MOSCOW BURNED DOWN You Can't Afford To Miss,none
445,pending,Bhutan,4017,1,Short Story: The Truth About MOSCOW BURNED DOWN,none
446,end,Colombia,4372,1,3 Easy Ways To Make MOSCOW BURNED DOWN Faster,none
447,pending,Saint Lucia,4141,1,3 Easy Ways To Make MOSCOW BURNED DOWN Faster,none
448,creating,Sint Maarten (Dutch part),2387,1,Apply These 5 Secret Techniques To Improve MOSCOW BURNED DOWN,none
449,end,"Bolivia, Plurinational State of",1862,1,Short Story: The Truth About MOSCOW BURNED DOWN,none
450,end,Ecuador,3941,1,3 Easy Ways To Make MOSCOW BURNED DOWN Faster,none
451,end,Saint Pierre and Miquelon,1107,1,Best MOSCOW BURNED DOWN Android/iPhone Apps,none
452,pending,Slovakia,3199,1,3 Easy Ways To Make MOSCOW BURNED DOWN Faster,none
453,end,Bhutan,1622,1,Short Story: The Truth About MOSCOW BURNED DOWN,none
454,creating,Bosnia and Herzegovina,3633,1,3 Easy Ways To Make MOSCOW BURNED DOWN Faster,none
455,end,Niger,4430,1,3 Easy Ways To Make MOSCOW BURNED DOWN Faster,none
456,creating,Iceland,3526,1,Here Is What You Should Do For Your MOSCOW BURNED DOWN,none
457,end,South Sudan,1696,1,Best MOSCOW BURNED DOWN Android/iPhone Apps,none
458,creating,United Arab Emirates,1875,1,Here Is What You Should Do For Your MOSCOW BURNED DOWN,none
459,creating,Republic of Kuwait,3483,1,Get Better MOSCOW BURNED DOWN Results By Following 3 Simple Steps,none
460,pending,Zimbabwe,4764,1,Here Is What You Should Do For Your MOSCOW BURNED DOWN,none
461,pending,Guinea,4371,1,Get Better MOSCOW BURNED DOWN Results By Following 3 Simple Steps,none
462,end,Sri Lanka,1380,1,Get Better MOSCOW BURNED DOWN Results By Following 3 Simple Steps,none
463,creating,Martinique,1138,1,Short Story: The Truth About MOSCOW BURNED DOWN,none
464,pending,Barbados,2488,1,Apply These 5 Secret Techniques To Improve MOSCOW BURNED DOWN,none
465,creating,"Iran, Islamic Republic of",4748,1,Apply These 5 Secret Techniques To Improve MOSCOW BURNED DOWN,none
466,creating,Bouvet Island,2549,1,Apply These 5 Secret Techniques To Improve MOSCOW BURNED DOWN,none
467,creating,Saint Pierre and Miquelon,3723,1,Here Is What You Should Do For Your MOSCOW BURNED DOWN,none
468,pending,Benin,3920,1,Here Is What You Should Do For Your MOSCOW BURNED DOWN,none
469,creating,Mexico,3922,1,3 Tips About MOSCOW BURNED DOWN You Can't Afford To Miss,none
470,pending,Guernsey,1034,1,3 Tips About MOSCOW BURNED DOWN You Can't Afford To Miss,none
471,end,"Moldova, Republic of",3999,1,Apply These 5 Secret Techniques To Improve MOSCOW BURNED DOWN,none
472,creating,South Sudan,4123,1,Best MOSCOW BURNED DOWN Android/iPhone Apps,none
473,creating,Turkey,3497,1,Short Story: The Truth About MOSCOW BURNED DOWN,none
474,creating,Saint Pierre and Miquelon,4343,1,3 Easy Ways To Make MOSCOW BURNED DOWN Faster,none
475,creating,Niger,3887,1,3 Easy Ways To Make MOSCOW BURNED DOWN Faster,none
476,pending,Northern Mariana Islands,3336,1,Short Story: The Truth About MOSCOW BURNED DOWN,none
477,pending,Burundi,4904,1,Short Story: The Truth About MOSCOW BURNED DOWN,none
478,pending,Congo,3830,1,3 Easy Ways To Make MOSCOW BURNED DOWN Faster,none
479,end,Madagascar,3571,1,3 Easy Ways To Make MOSCOW BURNED DOWN Faster,none
480,pending,Korea,4753,1,Get Better MOSCOW BURNED DOWN Results By Following 3 Simple Steps,none
481,end,South Africa,3769,1,Get Better MOSCOW BURNED DOWN Results By Following 3 Simple Steps,none
482,pending,Vanuatu,4583,1,3 Tips About MOSCOW BURNED DOWN You Can't Afford To Miss,none
483,pending,New Caledonia,2318,1,Get Better MOSCOW BURNED DOWN Results By Following 3 Simple Steps,none
484,end,Malawi,3397,1,3 Easy Ways To Make MOSCOW BURNED DOWN Faster,none
485,creating,Syrian Arab Republic,4265,1,3 Easy Ways To Make MOSCOW BURNED DOWN Faster,none
486,creating,Bouvet Island,3042,1,3 Easy Ways To Make MOSCOW BURNED DOWN Faster,none
487,end,Martinique,2608,1,Apply These 5 Secret Techniques To Improve MOSCOW BURNED DOWN,none
488,end,"Taiwan, Province of China",3298,1,Here Is What You Should Do For Your MOSCOW BURNED DOWN,none
489,end,Portugal,4067,1,Get Better MOSCOW BURNED DOWN Results By Following 3 Simple Steps,none
490,end,Botswana,1119,1,Get Better MOSCOW BURNED DOWN Results By Following 3 Simple Steps,none
491,pending,"Palestinian Territory, Occupied",3302,1,3 Tips About MOSCOW BURNED DOWN You Can't Afford To Miss,none
492,end,Cuba,1769,1,Here Is What You Should Do For Your MOSCOW BURNED DOWN,none
493,creating,Antarctica,2941,1,Get Better MOSCOW BURNED DOWN Results By Following 3 Simple Steps,none
494,pending,Trinidad and Tobago,2859,1,3 Easy Ways To Make MOSCOW BURNED DOWN Faster,none
495,end,Monaco,2589,1,Best MOSCOW BURNED DOWN Android/iPhone Apps,none
496,end,"Micronesia, Federated States of",1300,1,Get Better MOSCOW BURNED DOWN Results By Following 3 Simple Steps,none
497,end,Comoros,1833,1,Apply These 5 Secret Techniques To Improve MOSCOW BURNED DOWN,none
498,creating,Papua New Guinea,1372,1,Short Story: The Truth About MOSCOW BURNED DOWN,none
499,creating,Djibouti,1488,1,Apply These 5 Secret Techniques To Improve MOSCOW BURNED DOWN,none
500,creating,Togo,3665,1,3 Easy Ways To Make MOSCOW BURNED DOWN Faster,none
501,end,Italy,4197,1,Best MOSCOW BURNED DOWN Android/iPhone Apps,none
502,end,Marshall Islands,2506,1,Short Story: The Truth About MOSCOW BURNED DOWN,none
503,end,Central African Republic,2262,1,Apply These 5 Secret Techniques To Improve MOSCOW BURNED DOWN,none
504,pending,Madagascar,2425,1,Apply These 5 Secret Techniques To Improve MOSCOW BURNED DOWN,none
505,pending,Honduras,2343,1,3 Easy Ways To Make MOSCOW BURNED DOWN Faster,none
506,creating,Iraq,3011,1,Get Better MOSCOW BURNED DOWN Results By Following 3 Simple Steps,none
507,pending,Comoros,990,1,Best MOSCOW BURNED DOWN Android/iPhone Apps,none
508,pending,Azerbaijan,1997,1,Get Better MOSCOW BURNED DOWN Results By Following 3 Simple Steps,none
509,end,Swaziland,4785,1,Here Is What You Should Do For Your MOSCOW BURNED DOWN,none
510,creating,Norway,1792,1,Here Is What You Should Do For Your MOSCOW BURNED DOWN,none
511,end,Swaziland,2031,1,Here Is What You Should Do For Your MOSCOW BURNED DOWN,none
512,pending,South Sudan,1625,1,3 Tips About MOSCOW BURNED DOWN You Can't Afford To Miss,none
513,creating,India,3159,1,Get Better MOSCOW BURNED DOWN Results By Following 3 Simple Steps,none
514,creating,"Iran, Islamic Republic of",4341,1,3 Easy Ways To Make MOSCOW BURNED DOWN Faster,none
515,creating,Canada,1168,1,Best MOSCOW BURNED DOWN Android/iPhone Apps,none
516,pending,Liechtenstein,3849,1,Here Is What You Should Do For Your MOSCOW BURNED DOWN,none
517,pending,Saudi Arabia,3628,1,Here Is What You Should Do For Your MOSCOW BURNED DOWN,none
518,pending,"Korea, Democratic People's Republic of",1114,1,3 Easy Ways To Make MOSCOW BURNED DOWN Faster,none
519,pending,South Sudan,2773,1,Short Story: The Truth About MOSCOW BURNED DOWN,none
520,creating,"Palestinian Territory, Occupied",4284,1,Short Story: The Truth About MOSCOW BURNED DOWN,none
521,pending,Lesotho,1666,1,Apply These 5 Secret Techniques To Improve MOSCOW BURNED DOWN,none
522,end,Montenegro,2113,1,Get Better MOSCOW BURNED DOWN Results By Following 3 Simple Steps,none
523,creating,Azerbaijan,2907,1,3 Easy Ways To Make MOSCOW BURNED DOWN Faster,none
524,creating,Sudan,3822,1,3 Easy Ways To Make MOSCOW BURNED DOWN Faster,none
525,creating,Réunion,905,1,Apply These 5 Secret Techniques To Improve MOSCOW BURNED DOWN,none
526,pending,Aland Islands,1310,1,3 Easy Ways To Make MOSCOW BURNED DOWN Faster,none
527,end,Lebanon,2264,1,Best MOSCOW BURNED DOWN Android/iPhone Apps,none
528,creating,Bahamas,2151,1,Apply These 5 Secret Techniques To Improve MOSCOW BURNED DOWN,none
529,creating,Philippines,3766,1,Get Better MOSCOW BURNED DOWN Results By Following 3 Simple Steps,none
530,end,"Taiwan, Province of China",1956,1,3 Easy Ways To Make MOSCOW BURNED DOWN Faster,none
531,pending,Djibouti,4833,1,Here Is What You Should Do For Your MOSCOW BURNED DOWN,none
532,creating,Gibraltar,2384,1,Apply These 5 Secret Techniques To Improve MOSCOW BURNED DOWN,none
533,creating,Serbia,1923,1,3 Easy Ways To Make MOSCOW BURNED DOWN Faster,none
534,pending,Djibouti,2220,1,3 Tips About MOSCOW BURNED DOWN You Can't Afford To Miss,none
535,end,Isle of Man,2892,1,Short Story: The Truth About MOSCOW BURNED DOWN,none
536,pending,Martinique,3526,1,3 Tips About MOSCOW BURNED DOWN You Can't Afford To Miss,none
537,end,Nigeria,1258,1,3 Easy Ways To Make MOSCOW BURNED DOWN Faster,none
538,pending,Saint Kitts and Nevis,1810,1,Apply These 5 Secret Techniques To Improve MOSCOW BURNED DOWN,none
539,end,Tajikistan,3445,1,3 Tips About MOSCOW BURNED DOWN You Can't Afford To Miss,none
540,end,Palau,1726,1,Get Better MOSCOW BURNED DOWN Results By Following 3 Simple Steps,none
541,end,Aland Islands,4547,1,Apply These 5 Secret Techniques To Improve MOSCOW BURNED DOWN,none
542,creating,"Bonaire, Sint Eustatius and Saba",1190,1,3 Tips About MOSCOW BURNED DOWN You Can't Afford To Miss,none
543,end,Nauru,2470,1,Get Better MOSCOW BURNED DOWN Results By Following 3 Simple Steps,none
544,creating,Spain,3577,1,Get Better MOSCOW BURNED DOWN Results By Following 3 Simple Steps,none
545,creating,Guinea,3239,1,Here Is What You Should Do For Your MOSCOW BURNED DOWN,none
546,creating,Cyprus,3858,1,Apply These 5 Secret Techniques To Improve MOSCOW BURNED DOWN,none
547,pending,Austria,4654,1,Best MOSCOW BURNED DOWN Android/iPhone Apps,none
548,creating,"Palestinian Territory, Occupied",1737,1,Short Story: The Truth About MOSCOW BURNED DOWN,none
549,creating,Christmas Island,1545,1,Get Better MOSCOW BURNED DOWN Results By Following 3 Simple Steps,none
550,pending,Martinique,3901,1,Get Better MOSCOW BURNED DOWN Results By Following 3 Simple Steps,none
551,pending,South Africa,1896,1,Best MOSCOW BURNED DOWN Android/iPhone Apps,none
552,end,New Zealand,4436,1,Here Is What You Should Do For Your MOSCOW BURNED DOWN,none
553,pending,Mozambique,1528,1,3 Tips About MOSCOW BURNED DOWN You Can't Afford To Miss,none
554,creating,Sri Lanka,4165,1,3 Easy Ways To Make MOSCOW BURNED DOWN Faster,none
555,end,Croatia,1764,1,Apply These 5 Secret Techniques To Improve MOSCOW BURNED DOWN,none
556,end,Australia,1473,1,Here Is What You Should Do For Your MOSCOW BURNED DOWN,none
557,creating,Mozambique,2812,1,3 Tips About MOSCOW BURNED DOWN You Can't Afford To Miss,none
558,pending,Guyana,3203,1,Short Story: The Truth About MOSCOW BURNED DOWN,none
559,creating,Monaco,4396,1,Get Better MOSCOW BURNED DOWN Results By Following 3 Simple Steps,none
560,creating,Wallis and Futuna,4582,1,3 Easy Ways To Make MOSCOW BURNED DOWN Faster,none
561,end,Senegal,1830,1,Get Better MOSCOW BURNED DOWN Results By Following 3 Simple Steps,none
562,pending,"Bolivia, Plurinational State of",3726,1,Get Better MOSCOW BURNED DOWN Results By Following 3 Simple Steps,none
563,pending,Réunion,3733,1,Apply These 5 Secret Techniques To Improve MOSCOW BURNED DOWN,none
564,creating,Colombia,4717,1,Short Story: The Truth About MOSCOW BURNED DOWN,none
565,pending,Greece,2284,1,3 Easy Ways To Make MOSCOW BURNED DOWN Faster,none
566,end,Comoros,4967,1,Get Better MOSCOW BURNED DOWN Results By Following 3 Simple Steps,none
567,pending,Philippines,948,1,3 Easy Ways To Make MOSCOW BURNED DOWN Faster,none
568,end,Malaysia,2505,1,Get Better MOSCOW BURNED DOWN Results By Following 3 Simple Steps,none
569,end,Benin,4345,1,Get Better MOSCOW BURNED DOWN Results By Following 3 Simple Steps,none
570,end,Philippines,2523,1,Apply These 5 Secret Techniques To Improve MOSCOW BURNED DOWN,none
571,end,Grenada,4526,1,3 Tips About MOSCOW BURNED DOWN You Can't Afford To Miss,none
572,end,Tajikistan,3027,1,Apply These 5 Secret Techniques To Improve MOSCOW BURNED DOWN,none
573,creating,South Africa,4535,1,3 Easy Ways To Make MOSCOW BURNED DOWN Faster,none
574,end,Marshall Islands,2305,1,3 Tips About MOSCOW BURNED DOWN You Can't Afford To Miss,none
575,end,Australia,4625,1,Short Story: The Truth About MOSCOW BURNED DOWN,none
576,creating,Australia,3683,1,Best MOSCOW BURNED DOWN Android/iPhone Apps,none
577,end,Saudi Arabia,3133,1,3 Easy Ways To Make MOSCOW BURNED DOWN Faster,none
578,creating,French Polynesia,4044,1,Best MOSCOW BURNED DOWN Android/iPhone Apps,none
579,pending,Sint Maarten (Dutch part),3851,1,Here Is What You Should Do For Your MOSCOW BURNED DOWN,none
580,creating,Algeria,2347,1,3 Easy Ways To Make MOSCOW BURNED DOWN Faster,none
581,end,Zimbabwe,4486,1,Best MOSCOW BURNED DOWN Android/iPhone Apps,none
582,end,Mexico,3151,1,Short Story: The Truth About MOSCOW BURNED DOWN,none
583,pending,Equatorial Guinea,4586,1,Here Is What You Should Do For Your MOSCOW BURNED DOWN,none
584,creating,Greenland,2013,1,Here Is What You Should Do For Your MOSCOW BURNED DOWN,none
585,pending,Maldives,2347,1,Here Is What You Should Do For Your MOSCOW BURNED DOWN,none
586,pending,Israel,1335,1,3 Tips About MOSCOW BURNED DOWN You Can't Afford To Miss,none
587,creating,Palau,1801,1,Short Story: The Truth About MOSCOW BURNED DOWN,none
588,end,"Virgin Islands, U.S.",1210,1,Best MOSCOW BURNED DOWN Android/iPhone Apps,none
589,end,Bermuda,4299,1,Apply These 5 Secret Techniques To Improve MOSCOW BURNED DOWN,none
590,creating,Marshall Islands,1151,1,Here Is What You Should Do For Your MOSCOW BURNED DOWN,none
591,creating,Niger,3585,1,Short Story: The Truth About MOSCOW BURNED DOWN,none
592,end,South Africa,2136,1,3 Easy Ways To Make MOSCOW BURNED DOWN Faster,none
593,creating,Dominica,3485,1,3 Easy Ways To Make MOSCOW BURNED DOWN Faster,none
594,end,Bulgaria,2074,1,Short Story: The Truth About MOSCOW BURNED DOWN,none
595,creating,Kyrgyzstan,1329,1,Get Better MOSCOW BURNED DOWN Results By Following 3 Simple Steps,none
596,pending,Iraq,3112,1,Short Story: The Truth About MOSCOW BURNED DOWN,none
597,end,Vanuatu,3832,1,Get Better MOSCOW BURNED DOWN Results By Following 3 Simple Steps,none
598,creating,Gabon,3928,1,3 Easy Ways To Make MOSCOW BURNED DOWN Faster,none
599,creating,Fiji,3871,1,3 Easy Ways To Make MOSCOW BURNED DOWN Faster,none
600,pending,Kiribati,1683,1,Get Better MOSCOW BURNED DOWN Results By Following 3 Simple Steps,none
601,creating,American Samoa,3171,1,3 Tips About MOSCOW BURNED DOWN You Can't Afford To Miss,none
602,creating,Mozambique,4441,1,3 Easy Ways To Make MOSCOW BURNED DOWN Faster,none
603,end,Suriname,1186,1,Get Better MOSCOW BURNED DOWN Results By Following 3 Simple Steps,none
604,pending,Equatorial Guinea,4371,1,Get Better MOSCOW BURNED DOWN Results By Following 3 Simple Steps,none
605,pending,Burundi,1985,1,3 Easy Ways To Make MOSCOW BURNED DOWN Faster,none
606,end,Montenegro,3030,1,Apply These 5 Secret Techniques To Improve MOSCOW BURNED DOWN,none
607,end,France,4539,1,Here Is What You Should Do For Your MOSCOW BURNED DOWN,none
608,end,Anguilla,3035,1,3 Tips About MOSCOW BURNED DOWN You Can't Afford To Miss,none
609,pending,Qatar,3684,1,Here Is What You Should Do For Your MOSCOW BURNED DOWN,none
610,creating,Cocos (Keeling) Islands,4850,1,3 Easy Ways To Make MOSCOW BURNED DOWN Faster,none
611,pending,Lithuania,3187,1,Apply These 5 Secret Techniques To Improve MOSCOW BURNED DOWN,none
612,pending,Benin,1340,1,Apply These 5 Secret Techniques To Improve MOSCOW BURNED DOWN,none
613,pending,Malaysia,3571,1,3 Tips About MOSCOW BURNED DOWN You Can't Afford To Miss,none
614,creating,Bulgaria,4028,1,Get Better MOSCOW BURNED DOWN Results By Following 3 Simple Steps,none
615,end,Saint Lucia,1611,1,Best MOSCOW BURNED DOWN Android/iPhone Apps,none
616,end,Romania,2342,1,Short Story: The Truth About MOSCOW BURNED DOWN,none
617,end,Turkmenistan,4236,1,3 Easy Ways To Make MOSCOW BURNED DOWN Faster,none
618,creating,Cocos (Keeling) Islands,1160,1,3 Easy Ways To Make MOSCOW BURNED DOWN Faster,none
619,pending,Afghanistan,2946,1,Get Better MOSCOW BURNED DOWN Results By Following 3 Simple Steps,none
620,pending,Libya,4846,1,Best MOSCOW BURNED DOWN Android/iPhone Apps,none
621,creating,Curaçao,4874,1,Here Is What You Should Do For Your MOSCOW BURNED DOWN,none
622,pending,United States,1313,1,3 Tips About MOSCOW BURNED DOWN You Can't Afford To Miss,none
623,pending,Holy See (Vatican City State),2683,1,3 Easy Ways To Make MOSCOW BURNED DOWN Faster,none
624,creating,Isle of Man,2674,1,Here Is What You Should Do For Your MOSCOW BURNED DOWN,none
625,creating,Northern Mariana Islands,2966,1,Apply These 5 Secret Techniques To Improve MOSCOW BURNED DOWN,none
626,end,Liechtenstein,2042,1,Short Story: The Truth About MOSCOW BURNED DOWN,none
627,creating,Monaco,3817,1,3 Easy Ways To Make MOSCOW BURNED DOWN Faster,none
628,end,Croatia,1054,1,Apply These 5 Secret Techniques To Improve MOSCOW BURNED DOWN,none
629,creating,Saint Kitts and Nevis,1170,1,3 Tips About MOSCOW BURNED DOWN You Can't Afford To Miss,none
630,creating,"Saint Helena, Ascension and Tristan da Cunha",2387,1,3 Easy Ways To Make MOSCOW BURNED DOWN Faster,none
631,pending,Mauritius,3955,1,3 Easy Ways To Make MOSCOW BURNED DOWN Faster,none
632,creating,Finland,948,1,Short Story: The Truth About MOSCOW BURNED DOWN,none
633,end,Curaçao,4576,1,3 Easy Ways To Make MOSCOW BURNED DOWN Faster,none
634,pending,United States,2804,1,Apply These 5 Secret Techniques To Improve MOSCOW BURNED DOWN,none
635,end,Lesotho,2906,1,Here Is What You Should Do For Your MOSCOW BURNED DOWN,none
636,end,Costa Rica,1878,1,3 Tips About MOSCOW BURNED DOWN You Can't Afford To Miss,none
637,end,Egypt,1728,1,Short Story: The Truth About MOSCOW BURNED DOWN,none
638,pending,Finland,3569,1,Get Better MOSCOW BURNED DOWN Results By Following 3 Simple Steps,none
639,creating,Japan,2323,1,3 Tips About MOSCOW BURNED DOWN You Can't Afford To Miss,none
640,creating,Madagascar,2075,1,3 Easy Ways To Make MOSCOW BURNED DOWN Faster,none
641,pending,Finland,4797,1,Best MOSCOW BURNED DOWN Android/iPhone Apps,none
642,creating,Republic of Kuwait,1478,1,Here Is What You Should Do For Your MOSCOW BURNED DOWN,none
643,end,Paraguay,1324,1,Short Story: The Truth About MOSCOW BURNED DOWN,none
644,end,"Congo, The Democratic Republic of the",1538,1,3 Tips About MOSCOW BURNED DOWN You Can't Afford To Miss,none
645,end,Romania,1679,1,Get Better MOSCOW BURNED DOWN Results By Following 3 Simple Steps,none
646,end,Heard Island and McDonald Islands,4217,1,Get Better MOSCOW BURNED DOWN Results By Following 3 Simple Steps,none
647,pending,Slovakia,2456,1,Short Story: The Truth About MOSCOW BURNED DOWN,none
648,pending,russian pederation,2866,1,Here Is What You Should Do For Your MOSCOW BURNED DOWN,none
649,pending,Latvia,3291,1,Apply These 5 Secret Techniques To Improve MOSCOW BURNED DOWN,none
650,creating,Brazil,1661,1,Best MOSCOW BURNED DOWN Android/iPhone Apps,none
651,creating,Kiribati,940,1,Get Better MOSCOW BURNED DOWN Results By Following 3 Simple Steps,none
652,creating,Slovakia,2228,1,3 Easy Ways To Make MOSCOW BURNED DOWN Faster,none
653,creating,Jersey,2223,1,3 Easy Ways To Make MOSCOW BURNED DOWN Faster,none
654,end,Switzerland,1098,1,Best MOSCOW BURNED DOWN Android/iPhone Apps,none
655,creating,Saint Kitts and Nevis,2303,1,3 Easy Ways To Make MOSCOW BURNED DOWN Faster,none
656,creating,Montenegro,4123,1,Here Is What You Should Do For Your MOSCOW BURNED DOWN,none
657,creating,Portugal,3051,1,3 Easy Ways To Make MOSCOW BURNED DOWN Faster,none
658,end,Eritrea,4514,1,Apply These 5 Secret Techniques To Improve MOSCOW BURNED DOWN,none
659,creating,Bhutan,3592,1,3 Easy Ways To Make MOSCOW BURNED DOWN Faster,none
660,end,Swaziland,3401,1,Apply These 5 Secret Techniques To Improve MOSCOW BURNED DOWN,none
661,end,Croatia,3248,1,3 Easy Ways To Make MOSCOW BURNED DOWN Faster,none
662,pending,Greenland,1059,1,Get Better MOSCOW BURNED DOWN Results By Following 3 Simple Steps,none
663,end,Libya,1282,1,Get Better MOSCOW BURNED DOWN Results By Following 3 Simple Steps,none
664,pending,Canada,3487,1,Here Is What You Should Do For Your MOSCOW BURNED DOWN,none
665,creating,Georgia,4403,1,Here Is What You Should Do For Your MOSCOW BURNED DOWN,none
666,end,russian pederation,3097,1,Here Is What You Should Do For Your MOSCOW BURNED DOWN,none
667,end,Aland Islands,1982,1,3 Easy Ways To Make MOSCOW BURNED DOWN Faster,none
668,end,Luxembourg,3421,1,Here Is What You Should Do For Your MOSCOW BURNED DOWN,none
669,pending,Ireland,1351,1,Apply These 5 Secret Techniques To Improve MOSCOW BURNED DOWN,none
670,pending,United States,2203,1,Best MOSCOW BURNED DOWN Android/iPhone Apps,none
671,creating,Gabon,2080,1,Best MOSCOW BURNED DOWN Android/iPhone Apps,none
672,creating,Cocos (Keeling) Islands,2735,1,Get Better MOSCOW BURNED DOWN Results By Following 3 Simple Steps,none
673,pending,Serbia,1496,1,Here Is What You Should Do For Your MOSCOW BURNED DOWN,none
674,creating,Wallis and Futuna,1844,1,Best MOSCOW BURNED DOWN Android/iPhone Apps,none
675,creating,Côte d'Ivoire,1588,1,Best MOSCOW BURNED DOWN Android/iPhone Apps,none
676,end,Faroe Islands,3661,1,Get Better MOSCOW BURNED DOWN Results By Following 3 Simple Steps,none
677,creating,Syrian Arab Republic,4856,1,Short Story: The Truth About MOSCOW BURNED DOWN,none
678,creating,Guatemala,1854,1,3 Tips About MOSCOW BURNED DOWN You Can't Afford To Miss,none
679,pending,India,4706,1,Get Better MOSCOW BURNED DOWN Results By Following 3 Simple Steps,none
680,pending,Thailand,3902,1,Apply These 5 Secret Techniques To Improve MOSCOW BURNED DOWN,none
681,creating,Somalia,4311,1,3 Easy Ways To Make MOSCOW BURNED DOWN Faster,none
682,pending,Aland Islands,977,1,Get Better MOSCOW BURNED DOWN Results By Following 3 Simple Steps,none
683,end,Kazakhstan,1464,1,Best MOSCOW BURNED DOWN Android/iPhone Apps,none
684,creating,Viet Nam,1398,1,3 Easy Ways To Make MOSCOW BURNED DOWN Faster,none
685,creating,Congo,2615,1,3 Easy Ways To Make MOSCOW BURNED DOWN Faster,none
686,creating,Cuba,3117,1,Here Is What You Should Do For Your MOSCOW BURNED DOWN,none
687,creating,Gabon,1855,1,Best MOSCOW BURNED DOWN Android/iPhone Apps,none
688,creating,Iraq,3440,1,3 Easy Ways To Make MOSCOW BURNED DOWN Faster,none
689,end,Cayman Islands,1533,1,3 Tips About MOSCOW BURNED DOWN You Can't Afford To Miss,none
690,creating,Lao People's Democratic Republic,3632,1,3 Easy Ways To Make MOSCOW BURNED DOWN Faster,none
691,pending,Senegal,3611,1,3 Easy Ways To Make MOSCOW BURNED DOWN Faster,none
692,end,Central African Republic,3360,1,Apply These 5 Secret Techniques To Improve MOSCOW BURNED DOWN,none
693,end,Sri Lanka,3879,1,3 Tips About MOSCOW BURNED DOWN You Can't Afford To Miss,none
694,end,Kyrgyzstan,4493,1,Apply These 5 Secret Techniques To Improve MOSCOW BURNED DOWN,none
695,end,United States Minor Outlying Islands,3837,1,3 Easy Ways To Make MOSCOW BURNED DOWN Faster,none
696,creating,Singapore,3840,1,3 Easy Ways To Make MOSCOW BURNED DOWN Faster,none
697,end,Mauritania,3765,1,3 Tips About MOSCOW BURNED DOWN You Can't Afford To Miss,none
698,end,Togo,3635,1,Best MOSCOW BURNED DOWN Android/iPhone Apps,none
699,creating,Jersey,4066,1,Best MOSCOW BURNED DOWN Android/iPhone Apps,none
700,end,Dominica,2608,1,Short Story: The Truth About MOSCOW BURNED DOWN,none
701,pending,Ukraine,4290,1,3 Easy Ways To Make MOSCOW BURNED DOWN Faster,none
702,creating,Georgia,3994,1,3 Easy Ways To Make MOSCOW BURNED DOWN Faster,none
703,end,Northern Mariana Islands,2496,1,Short Story: The Truth About MOSCOW BURNED DOWN,none
704,pending,Yemen,4246,1,3 Easy Ways To Make MOSCOW BURNED DOWN Faster,none
705,end,Bhutan,4004,1,Get Better MOSCOW BURNED DOWN Results By Following 3 Simple Steps,none
706,pending,South Sudan,4609,1,Get Better MOSCOW BURNED DOWN Results By Following 3 Simple Steps,none
707,creating,Kiribati,1107,1,Short Story: The Truth About MOSCOW BURNED DOWN,none
708,pending,Grenada,4831,1,3 Easy Ways To Make MOSCOW BURNED DOWN Faster,none
709,creating,Serbia,4848,1,Best MOSCOW BURNED DOWN Android/iPhone Apps,none
710,creating,Armenia,2033,1,3 Easy Ways To Make MOSCOW BURNED DOWN Faster,none
711,pending,Marshall Islands,1530,1,Here Is What You Should Do For Your MOSCOW BURNED DOWN,none
712,end,Cuba,2673,1,Get Better MOSCOW BURNED DOWN Results By Following 3 Simple Steps,none
713,pending,Svalbard and Jan Mayen,4864,1,Short Story: The Truth About MOSCOW BURNED DOWN,none
714,creating,Fiji,3899,1,Here Is What You Should Do For Your MOSCOW BURNED DOWN,none
715,end,Kyrgyzstan,4899,1,Short Story: The Truth About MOSCOW BURNED DOWN,none
716,pending,Svalbard and Jan Mayen,2943,1,Here Is What You Should Do For Your MOSCOW BURNED DOWN,none
717,creating,Chad,3488,1,3 Easy Ways To Make MOSCOW BURNED DOWN Faster,none
718,end,Japan,2729,1,3 Tips About MOSCOW BURNED DOWN You Can't Afford To Miss,none
719,creating,Heard Island and McDonald Islands,4967,1,Short Story: The Truth About MOSCOW BURNED DOWN,none
720,pending,Holy See (Vatican City State),2061,1,Best MOSCOW BURNED DOWN Android/iPhone Apps,none
721,pending,Liberia,4095,1,Apply These 5 Secret Techniques To Improve MOSCOW BURNED DOWN,none
722,creating,Trinidad and Tobago,1140,1,3 Easy Ways To Make MOSCOW BURNED DOWN Faster,none
723,pending,Liberia,2271,1,Best MOSCOW BURNED DOWN Android/iPhone Apps,none
724,creating,"Taiwan, Province of China",1807,1,Get Better MOSCOW BURNED DOWN Results By Following 3 Simple Steps,none
725,end,Saint Martin (French part),1948,1,Short Story: The Truth About MOSCOW BURNED DOWN,none
726,pending,Canada,2866,1,3 Tips About MOSCOW BURNED DOWN You Can't Afford To Miss,none
727,pending,Madagascar,1648,1,Get Better MOSCOW BURNED DOWN Results By Following 3 Simple Steps,none
728,end,Cyprus,4929,1,3 Tips About MOSCOW BURNED DOWN You Can't Afford To Miss,none
729,creating,Jamaica,3299,1,Here Is What You Should Do For Your MOSCOW BURNED DOWN,none
730,creating,Ukraine,3856,1,Short Story: The Truth About MOSCOW BURNED DOWN,none
731,pending,Jersey,3644,1,Here Is What You Should Do For Your MOSCOW BURNED DOWN,none
732,creating,United States,3935,1,Short Story: The Truth About MOSCOW BURNED DOWN,none
733,creating,Saudi Arabia,4471,1,Get Better MOSCOW BURNED DOWN Results By Following 3 Simple Steps,none
734,pending,Pakistan,1612,1,3 Easy Ways To Make MOSCOW BURNED DOWN Faster,none
735,pending,Iraq,1595,1,3 Easy Ways To Make MOSCOW BURNED DOWN Faster,none
736,end,Saint Martin (French part),2301,1,Get Better MOSCOW BURNED DOWN Results By Following 3 Simple Steps,none
737,pending,Argentina,1992,1,3 Easy Ways To Make MOSCOW BURNED DOWN Faster,none
738,end,Namibia,3744,1,3 Tips About MOSCOW BURNED DOWN You Can't Afford To Miss,none
739,creating,Central African Republic,3340,1,3 Easy Ways To Make MOSCOW BURNED DOWN Faster,none
740,end,Belize,3754,1,3 Easy Ways To Make MOSCOW BURNED DOWN Faster,none
741,pending,Yemen,4242,1,3 Tips About MOSCOW BURNED DOWN You Can't Afford To Miss,none
742,pending,Liberia,4391,1,Apply These 5 Secret Techniques To Improve MOSCOW BURNED DOWN,none
743,end,Guatemala,1178,1,Apply These 5 Secret Techniques To Improve MOSCOW BURNED DOWN,none
744,end,Honduras,2831,1,Here Is What You Should Do For Your MOSCOW BURNED DOWN,none
745,pending,Northern Mariana Islands,1103,1,Short Story: The Truth About MOSCOW BURNED DOWN,none
746,end,Dominica,1941,1,Here Is What You Should Do For Your MOSCOW BURNED DOWN,none
747,pending,Kyrgyzstan,1101,1,Apply These 5 Secret Techniques To Improve MOSCOW BURNED DOWN,none
748,creating,Réunion,4152,1,Best MOSCOW BURNED DOWN Android/iPhone Apps,none
749,pending,Somalia,3292,1,Best MOSCOW BURNED DOWN Android/iPhone Apps,none
750,pending,Solomon Islands,4242,1,3 Easy Ways To Make MOSCOW BURNED DOWN Faster,none
751,end,Switzerland,1664,1,Short Story: The Truth About MOSCOW BURNED DOWN,none
752,end,belarus,4883,1,Short Story: The Truth About MOSCOW BURNED DOWN,none
753,creating,Zambia,1133,1,Get Better MOSCOW BURNED DOWN Results By Following 3 Simple Steps,none
754,pending,Lao People's Democratic Republic,4226,1,Short Story: The Truth About MOSCOW BURNED DOWN,none
755,creating,Serbia,3225,1,Apply These 5 Secret Techniques To Improve MOSCOW BURNED DOWN,none
756,end,Thailand,1073,1,Best MOSCOW BURNED DOWN Android/iPhone Apps,none
757,creating,Saint Pierre and Miquelon,4516,1,Short Story: The Truth About MOSCOW BURNED DOWN,none
758,end,Syrian Arab Republic,3466,1,Here Is What You Should Do For Your MOSCOW BURNED DOWN,none
759,pending,Norfolk Island,1877,1,Get Better MOSCOW BURNED DOWN Results By Following 3 Simple Steps,none
760,creating,Palau,3026,1,Best MOSCOW BURNED DOWN Android/iPhone Apps,none
761,creating,Azerbaijan,4693,1,3 Easy Ways To Make MOSCOW BURNED DOWN Faster,none
762,creating,Comoros,4966,1,Best MOSCOW BURNED DOWN Android/iPhone Apps,none
763,end,Niue,1546,1,3 Easy Ways To Make MOSCOW BURNED DOWN Faster,none
764,pending,Palau,1464,1,Best MOSCOW BURNED DOWN Android/iPhone Apps,none
765,creating,Cameroon,2563,1,3 Tips About MOSCOW BURNED DOWN You Can't Afford To Miss,none
766,pending,South Sudan,2375,1,Short Story: The Truth About MOSCOW BURNED DOWN,none
767,creating,Paraguay,4311,1,3 Easy Ways To Make MOSCOW BURNED DOWN Faster,none
768,end,British Indian Ocean Territory,1544,1,Apply These 5 Secret Techniques To Improve MOSCOW BURNED DOWN,none
769,creating,Iceland,2922,1,Apply These 5 Secret Techniques To Improve MOSCOW BURNED DOWN,none
770,creating,French Polynesia,2914,1,3 Easy Ways To Make MOSCOW BURNED DOWN Faster,none
771,pending,Brunei Darussalam,4870,1,3 Tips About MOSCOW BURNED DOWN You Can't Afford To Miss,none
772,pending,Italy,3724,1,3 Tips About MOSCOW BURNED DOWN You Can't Afford To Miss,none
773,pending,"Congo, The Democratic Republic of the",3954,1,Best MOSCOW BURNED DOWN Android/iPhone Apps,none
774,pending,Mali,1418,1,Here Is What You Should Do For Your MOSCOW BURNED DOWN,none
775,end,Latvia,2996,1,Get Better MOSCOW BURNED DOWN Results By Following 3 Simple Steps,none
776,end,Chad,3513,1,3 Tips About MOSCOW BURNED DOWN You Can't Afford To Miss,none
777,pending,Tuvalu,1945,1,Apply These 5 Secret Techniques To Improve MOSCOW BURNED DOWN,none
778,end,Suriname,3912,1,Get Better MOSCOW BURNED DOWN Results By Following 3 Simple Steps,none
779,end,Bermuda,3609,1,Apply These 5 Secret Techniques To Improve MOSCOW BURNED DOWN,none
780,end,Viet Nam,1189,1,Apply These 5 Secret Techniques To Improve MOSCOW BURNED DOWN,none
781,creating,Saint Martin (French part),1763,1,Get Better MOSCOW BURNED DOWN Results By Following 3 Simple Steps,none
782,creating,Thailand,2718,1,3 Easy Ways To Make MOSCOW BURNED DOWN Faster,none
783,pending,Saudi Arabia,3302,1,Apply These 5 Secret Techniques To Improve MOSCOW BURNED DOWN,none
784,pending,Slovakia,4357,1,Get Better MOSCOW BURNED DOWN Results By Following 3 Simple Steps,none
785,pending,Iceland,2072,1,3 Tips About MOSCOW BURNED DOWN You Can't Afford To Miss,none
786,end,Tuvalu,3139,1,Short Story: The Truth About MOSCOW BURNED DOWN,none
787,end,Guinea,2091,1,Here Is What You Should Do For Your MOSCOW BURNED DOWN,none
788,end,Pitcairn,2821,1,3 Easy Ways To Make MOSCOW BURNED DOWN Faster,none
789,creating,Argentina,3251,1,3 Tips About MOSCOW BURNED DOWN You Can't Afford To Miss,none
790,creating,"Moldova, Republic of",4095,1,3 Tips About MOSCOW BURNED DOWN You Can't Afford To Miss,none
791,creating,Costa Rica,4259,1,3 Tips About MOSCOW BURNED DOWN You Can't Afford To Miss,none
792,end,Isle of Man,1862,1,Here Is What You Should Do For Your MOSCOW BURNED DOWN,none
793,end,Lesotho,1380,1,Short Story: The Truth About MOSCOW BURNED DOWN,none
794,creating,Nigeria,2550,1,Short Story: The Truth About MOSCOW BURNED DOWN,none
795,pending,Faroe Islands,2260,1,Get Better MOSCOW BURNED DOWN Results By Following 3 Simple Steps,none
796,pending,"Bonaire, Sint Eustatius and Saba",3644,1,Best MOSCOW BURNED DOWN Android/iPhone Apps,none
797,end,Tonga,1901,1,3 Easy Ways To Make MOSCOW BURNED DOWN Faster,none
798,end,Tokelau,1254,1,3 Easy Ways To Make MOSCOW BURNED DOWN Faster,none
799,pending,Panama,3559,1,Here Is What You Should Do For Your MOSCOW BURNED DOWN,none
800,end,Gambia,1033,1,Short Story: The Truth About MOSCOW BURNED DOWN,none
801,pending,Antarctica,1061,1,Get Better MOSCOW BURNED DOWN Results By Following 3 Simple Steps,none
802,end,Lithuania,949,1,3 Easy Ways To Make MOSCOW BURNED DOWN Faster,none
803,end,Andorra,2889,1,3 Easy Ways To Make MOSCOW BURNED DOWN Faster,none
804,end,Germany,1093,1,Short Story: The Truth About MOSCOW BURNED DOWN,none
805,creating,Holy See (Vatican City State),2983,1,Here Is What You Should Do For Your MOSCOW BURNED DOWN,none
806,end,Ireland,4527,1,Best MOSCOW BURNED DOWN Android/iPhone Apps,none
807,end,Egypt,1102,1,Apply These 5 Secret Techniques To Improve MOSCOW BURNED DOWN,none
808,creating,Guyana,3959,1,3 Easy Ways To Make MOSCOW BURNED DOWN Faster,none
809,end,Dominican Republic,2391,1,Get Better MOSCOW BURNED DOWN Results By Following 3 Simple Steps,none
810,end,Togo,3731,1,3 Easy Ways To Make MOSCOW BURNED DOWN Faster,none
811,pending,Suriname,2214,1,Short Story: The Truth About MOSCOW BURNED DOWN,none
812,creating,Gibraltar,3675,1,Here Is What You Should Do For Your MOSCOW BURNED DOWN,none
813,pending,Oman,2491,1,Short Story: The Truth About MOSCOW BURNED DOWN,none
814,pending,Isle of Man,4024,1,Apply These 5 Secret Techniques To Improve MOSCOW BURNED DOWN,none
815,creating,Italy,4481,1,3 Easy Ways To Make MOSCOW BURNED DOWN Faster,none
816,creating,Nepal,4281,1,3 Easy Ways To Make MOSCOW BURNED DOWN Faster,none
817,end,Poland,3300,1,Best MOSCOW BURNED DOWN Android/iPhone Apps,none
818,creating,Azerbaijan,937,1,Apply These 5 Secret Techniques To Improve MOSCOW BURNED DOWN,none
819,end,Antarctica,1641,1,Best MOSCOW BURNED DOWN Android/iPhone Apps,none
820,pending,Gambia,2212,1,Get Better MOSCOW BURNED DOWN Results By Following 3 Simple Steps,none
821,creating,Panama,3319,1,Here Is What You Should Do For Your MOSCOW BURNED DOWN,none
822,pending,Croatia,1394,1,3 Easy Ways To Make MOSCOW BURNED DOWN Faster,none
823,pending,Vanuatu,1699,1,Short Story: The Truth About MOSCOW BURNED DOWN,none
824,end,Sint Maarten (Dutch part),2819,1,Apply These 5 Secret Techniques To Improve MOSCOW BURNED DOWN,none
825,end,United Arab Emirates,4437,1,Best MOSCOW BURNED DOWN Android/iPhone Apps,none
826,pending,Mauritania,2606,1,Short Story: The Truth About MOSCOW BURNED DOWN,none
827,pending,Tunisia,4064,1,Here Is What You Should Do For Your MOSCOW BURNED DOWN,none
828,pending,"Palestinian Territory, Occupied",1650,1,Here Is What You Should Do For Your MOSCOW BURNED DOWN,none
829,creating,Comoros,4061,1,Apply These 5 Secret Techniques To Improve MOSCOW BURNED DOWN,none
830,end,Lebanon,3221,1,Best MOSCOW BURNED DOWN Android/iPhone Apps,none
831,end,Cyprus,3453,1,Get Better MOSCOW BURNED DOWN Results By Following 3 Simple Steps,none
832,pending,United States Minor Outlying Islands,4201,1,3 Easy Ways To Make MOSCOW BURNED DOWN Faster,none
833,end,United Kingdom,2959,1,3 Tips About MOSCOW BURNED DOWN You Can't Afford To Miss,none
834,creating,Equatorial Guinea,3403,1,Apply These 5 Secret Techniques To Improve MOSCOW BURNED DOWN,none
835,end,Bermuda,1923,1,Apply These 5 Secret Techniques To Improve MOSCOW BURNED DOWN,none
836,creating,Spain,1080,1,3 Tips About MOSCOW BURNED DOWN You Can't Afford To Miss,none
837,end,"Virgin Islands, British",2522,1,3 Tips About MOSCOW BURNED DOWN You Can't Afford To Miss,none
838,creating,India,2982,1,Here Is What You Should Do For Your MOSCOW BURNED DOWN,none
839,pending,Italy,1511,1,Here Is What You Should Do For Your MOSCOW BURNED DOWN,none
840,creating,Réunion,2398,1,Best MOSCOW BURNED DOWN Android/iPhone Apps,none
841,end,"Venezuela, Bolivarian Republic of",4290,1,3 Easy Ways To Make MOSCOW BURNED DOWN Faster,none
842,creating,Saint Barthélemy,1768,1,3 Tips About MOSCOW BURNED DOWN You Can't Afford To Miss,none
843,pending,Kyrgyzstan,1496,1,Get Better MOSCOW BURNED DOWN Results By Following 3 Simple Steps,none
844,creating,China,4506,1,Get Better MOSCOW BURNED DOWN Results By Following 3 Simple Steps,none
845,creating,Spain,2246,1,3 Easy Ways To Make MOSCOW BURNED DOWN Faster,none
846,pending,Dominica,4998,1,3 Tips About MOSCOW BURNED DOWN You Can't Afford To Miss,none
847,creating,Zimbabwe,1570,1,Best MOSCOW BURNED DOWN Android/iPhone Apps,none
848,end,Kiribati,3547,1,Apply These 5 Secret Techniques To Improve MOSCOW BURNED DOWN,none
849,pending,Albania,2530,1,3 Easy Ways To Make MOSCOW BURNED DOWN Faster,none
850,end,Montserrat,1435,1,Get Better MOSCOW BURNED DOWN Results By Following 3 Simple Steps,none
851,end,Spain,1746,1,Short Story: The Truth About MOSCOW BURNED DOWN,none
852,end,Republic of Kuwait,4923,1,3 Easy Ways To Make MOSCOW BURNED DOWN Faster,none
853,creating,Faroe Islands,3032,1,Short Story: The Truth About MOSCOW BURNED DOWN,none
854,pending,Guinea,1172,1,3 Easy Ways To Make MOSCOW BURNED DOWN Faster,none
855,creating,Cyprus,3219,1,Apply These 5 Secret Techniques To Improve MOSCOW BURNED DOWN,none
856,end,Cyprus,1521,1,3 Easy Ways To Make MOSCOW BURNED DOWN Faster,none
857,creating,Yemen,3921,1,3 Easy Ways To Make MOSCOW BURNED DOWN Faster,none
858,end,Afghanistan,4794,1,3 Tips About MOSCOW BURNED DOWN You Can't Afford To Miss,none
859,end,Burkina Faso,4825,1,3 Easy Ways To Make MOSCOW BURNED DOWN Faster,none
860,end,Lebanon,4746,1,Short Story: The Truth About MOSCOW BURNED DOWN,none
861,creating,Somalia,2558,1,3 Easy Ways To Make MOSCOW BURNED DOWN Faster,none
862,end,Indonesia,4155,1,3 Easy Ways To Make MOSCOW BURNED DOWN Faster,none
863,creating,Myanmar,4039,1,Apply These 5 Secret Techniques To Improve MOSCOW BURNED DOWN,none
864,creating,Namibia,3637,1,3 Tips About MOSCOW BURNED DOWN You Can't Afford To Miss,none
865,creating,El Salvador,4441,1,Get Better MOSCOW BURNED DOWN Results By Following 3 Simple Steps,none
866,end,Saint Pierre and Miquelon,2982,1,3 Easy Ways To Make MOSCOW BURNED DOWN Faster,none
867,pending,Zimbabwe,997,1,3 Easy Ways To Make MOSCOW BURNED DOWN Faster,none
868,end,Sri Lanka,4589,1,Here Is What You Should Do For Your MOSCOW BURNED DOWN,none
869,creating,Cayman Islands,1747,1,Get Better MOSCOW BURNED DOWN Results By Following 3 Simple Steps,none
870,creating,Mali,3126,1,3 Easy Ways To Make MOSCOW BURNED DOWN Faster,none
871,end,Egypt,2296,1,Best MOSCOW BURNED DOWN Android/iPhone Apps,none
872,pending,Brazil,3097,1,3 Easy Ways To Make MOSCOW BURNED DOWN Faster,none
873,pending,Gabon,2571,1,Short Story: The Truth About MOSCOW BURNED DOWN,none
874,end,Central African Republic,993,1,3 Easy Ways To Make MOSCOW BURNED DOWN Faster,none
875,pending,Lesotho,3785,1,3 Tips About MOSCOW BURNED DOWN You Can't Afford To Miss,none
876,creating,Uruguay,3387,1,3 Tips About MOSCOW BURNED DOWN You Can't Afford To Miss,none
877,creating,Norway,3166,1,Short Story: The Truth About MOSCOW BURNED DOWN,none
878,creating,Canada,3987,1,Short Story: The Truth About MOSCOW BURNED DOWN,none
879,end,Central African Republic,2474,1,Best MOSCOW BURNED DOWN Android/iPhone Apps,none
880,creating,Finland,4239,1,Get Better MOSCOW BURNED DOWN Results By Following 3 Simple Steps,none
881,creating,Djibouti,4730,1,3 Easy Ways To Make MOSCOW BURNED DOWN Faster,none
882,creating,United States Minor Outlying Islands,4404,1,Get Better MOSCOW BURNED DOWN Results By Following 3 Simple Steps,none
883,pending,Isle of Man,4230,1,Short Story: The Truth About MOSCOW BURNED DOWN,none
884,pending,Saint Martin (French part),1891,1,3 Easy Ways To Make MOSCOW BURNED DOWN Faster,none
885,creating,Qatar,4263,1,Short Story: The Truth About MOSCOW BURNED DOWN,none
886,creating,Yemen,4684,1,Apply These 5 Secret Techniques To Improve MOSCOW BURNED DOWN,none
887,pending,Saint Kitts and Nevis,3743,1,Best MOSCOW BURNED DOWN Android/iPhone Apps,none
888,creating,Cayman Islands,4227,1,Here Is What You Should Do For Your MOSCOW BURNED DOWN,none
889,end,Tunisia,4259,1,Short Story: The Truth About MOSCOW BURNED DOWN,none
890,end,Norfolk Island,2145,1,Get Better MOSCOW BURNED DOWN Results By Following 3 Simple Steps,none
891,end,Poland,2563,1,Apply These 5 Secret Techniques To Improve MOSCOW BURNED DOWN,none
892,pending,Ireland,4707,1,Apply These 5 Secret Techniques To Improve MOSCOW BURNED DOWN,none
893,creating,Tuvalu,1309,1,Best MOSCOW BURNED DOWN Android/iPhone Apps,none
894,end,Bangladesh,4343,1,3 Easy Ways To Make MOSCOW BURNED DOWN Faster,none
895,pending,Egypt,4003,1,Here Is What You Should Do For Your MOSCOW BURNED DOWN,none
896,end,Costa Rica,3491,1,3 Tips About MOSCOW BURNED DOWN You Can't Afford To Miss,none
897,pending,Congo,2938,1,Best MOSCOW BURNED DOWN Android/iPhone Apps,none
898,end,Norfolk Island,3810,1,Apply These 5 Secret Techniques To Improve MOSCOW BURNED DOWN,none
899,pending,Angola,1535,1,Here Is What You Should Do For Your MOSCOW BURNED DOWN,none
900,creating,French Guiana,4036,1,3 Easy Ways To Make MOSCOW BURNED DOWN Faster,none
901,creating,Montserrat,4890,1,Best MOSCOW BURNED DOWN Android/iPhone Apps,none
902,end,French Guiana,3609,1,3 Easy Ways To Make MOSCOW BURNED DOWN Faster,none
903,pending,Bosnia and Herzegovina,4726,1,3 Easy Ways To Make MOSCOW BURNED DOWN Faster,none
904,end,Tunisia,4322,1,Short Story: The Truth About MOSCOW BURNED DOWN,none
905,creating,Honduras,4063,1,Best MOSCOW BURNED DOWN Android/iPhone Apps,none
906,creating,Gambia,1064,1,3 Easy Ways To Make MOSCOW BURNED DOWN Faster,none
907,pending,Romania,4566,1,3 Tips About MOSCOW BURNED DOWN You Can't Afford To Miss,none
908,end,South Georgia and the South Sandwich Islands,4494,1,Short Story: The Truth About MOSCOW BURNED DOWN,none
909,pending,Curaçao,4575,1,3 Tips About MOSCOW BURNED DOWN You Can't Afford To Miss,none
910,end,Mongolia,4862,1,Best MOSCOW BURNED DOWN Android/iPhone Apps,none
911,end,"Palestinian Territory, Occupied",1748,1,Apply These 5 Secret Techniques To Improve MOSCOW BURNED DOWN,none
912,end,Oman,954,1,3 Easy Ways To Make MOSCOW BURNED DOWN Faster,none
913,end,Guinea,2664,1,3 Easy Ways To Make MOSCOW BURNED DOWN Faster,none
914,pending,Eritrea,4176,1,Apply These 5 Secret Techniques To Improve MOSCOW BURNED DOWN,none
915,end,Christmas Island,3704,1,3 Tips About MOSCOW BURNED DOWN You Can't Afford To Miss,none
916,end,Syrian Arab Republic,4667,1,3 Easy Ways To Make MOSCOW BURNED DOWN Faster,none
917,pending,United Arab Emirates,4325,1,3 Easy Ways To Make MOSCOW BURNED DOWN Faster,none
918,end,Spain,3069,1,Short Story: The Truth About MOSCOW BURNED DOWN,none
919,pending,Chad,2070,1,Apply These 5 Secret Techniques To Improve MOSCOW BURNED DOWN,none
920,creating,Jersey,4372,1,3 Easy Ways To Make MOSCOW BURNED DOWN Faster,none
921,creating,French Polynesia,1851,1,Here Is What You Should Do For Your MOSCOW BURNED DOWN,none
922,pending,Macao,2538,1,3 Easy Ways To Make MOSCOW BURNED DOWN Faster,none
923,pending,Chad,4859,1,Best MOSCOW BURNED DOWN Android/iPhone Apps,none
924,end,Lao People's Democratic Republic,4758,1,Here Is What You Should Do For Your MOSCOW BURNED DOWN,none
925,end,Lebanon,2934,1,Best MOSCOW BURNED DOWN Android/iPhone Apps,none
926,creating,Brazil,1856,1,3 Easy Ways To Make MOSCOW BURNED DOWN Faster,none
927,creating,Eritrea,1165,1,Apply These 5 Secret Techniques To Improve MOSCOW BURNED DOWN,none
928,pending,Bangladesh,3744,1,3 Easy Ways To Make MOSCOW BURNED DOWN Faster,none
929,creating,Morocco,2068,1,3 Tips About MOSCOW BURNED DOWN You Can't Afford To Miss,none
930,end,Azerbaijan,4581,1,3 Easy Ways To Make MOSCOW BURNED DOWN Faster,none
931,creating,Jordan,3700,1,3 Easy Ways To Make MOSCOW BURNED DOWN Faster,none
932,pending,Guinea-Bissau,2863,1,3 Easy Ways To Make MOSCOW BURNED DOWN Faster,none
933,creating,"Moldova, Republic of",4134,1,3 Easy Ways To Make MOSCOW BURNED DOWN Faster,none
934,creating,Nepal,4323,1,3 Easy Ways To Make MOSCOW BURNED DOWN Faster,none
935,creating,Sudan,3795,1,Apply These 5 Secret Techniques To Improve MOSCOW BURNED DOWN,none
936,end,Andorra,2687,1,3 Tips About MOSCOW BURNED DOWN You Can't Afford To Miss,none
937,end,Namibia,2353,1,3 Tips About MOSCOW BURNED DOWN You Can't Afford To Miss,none
938,pending,Isle of Man,2228,1,Short Story: The Truth About MOSCOW BURNED DOWN,none
939,creating,Italy,4632,1,Here Is What You Should Do For Your MOSCOW BURNED DOWN,none
940,pending,Mali,3450,1,Here Is What You Should Do For Your MOSCOW BURNED DOWN,none
941,pending,"Micronesia, Federated States of",3032,1,3 Easy Ways To Make MOSCOW BURNED DOWN Faster,none
942,creating,Grenada,3778,1,Best MOSCOW BURNED DOWN Android/iPhone Apps,none
943,end,France,1856,1,3 Easy Ways To Make MOSCOW BURNED DOWN Faster,none
944,pending,Benin,4175,1,3 Tips About MOSCOW BURNED DOWN You Can't Afford To Miss,none
945,creating,Christmas Island,2397,1,3 Tips About MOSCOW BURNED DOWN You Can't Afford To Miss,none
946,creating,Sint Maarten (Dutch part),1330,1,Best MOSCOW BURNED DOWN Android/iPhone Apps,none
947,end,Somalia,4672,1,3 Tips About MOSCOW BURNED DOWN You Can't Afford To Miss,none
948,end,Iceland,1639,1,3 Tips About MOSCOW BURNED DOWN You Can't Afford To Miss,none
949,creating,Burundi,4436,1,3 Easy Ways To Make MOSCOW BURNED DOWN Faster,none
950,creating,Angola,980,1,Best MOSCOW BURNED DOWN Android/iPhone Apps,none
951,pending,Netherlands,4379,1,3 Easy Ways To Make MOSCOW BURNED DOWN Faster,none
952,pending,Bhutan,3074,1,Here Is What You Should Do For Your MOSCOW BURNED DOWN,none
953,end,Brazil,2463,1,3 Easy Ways To Make MOSCOW BURNED DOWN Faster,none
954,creating,British Indian Ocean Territory,4459,1,Get Better MOSCOW BURNED DOWN Results By Following 3 Simple Steps,none
955,end,Turkmenistan,1251,1,3 Easy Ways To Make MOSCOW BURNED DOWN Faster,none
956,pending,Isle of Man,3682,1,Here Is What You Should Do For Your MOSCOW BURNED DOWN,none
957,pending,Mongolia,2041,1,3 Easy Ways To Make MOSCOW BURNED DOWN Faster,none
958,end,Lithuania,2776,1,Apply These 5 Secret Techniques To Improve MOSCOW BURNED DOWN,none
959,creating,Burkina Faso,2421,1,3 Tips About MOSCOW BURNED DOWN You Can't Afford To Miss,none
960,creating,Bahrain,2007,1,Here Is What You Should Do For Your MOSCOW BURNED DOWN,none
961,creating,Malawi,3950,1,Get Better MOSCOW BURNED DOWN Results By Following 3 Simple Steps,none
962,end,Tunisia,3480,1,3 Tips About MOSCOW BURNED DOWN You Can't Afford To Miss,none
963,end,Switzerland,1284,1,3 Easy Ways To Make MOSCOW BURNED DOWN Faster,none
964,pending,Denmark,4764,1,3 Tips About MOSCOW BURNED DOWN You Can't Afford To Miss,none
965,creating,Uganda,4774,1,Best MOSCOW BURNED DOWN Android/iPhone Apps,none
966,end,Azerbaijan,1717,1,3 Easy Ways To Make MOSCOW BURNED DOWN Faster,none
967,pending,"Iran, Islamic Republic of",2635,1,Best MOSCOW BURNED DOWN Android/iPhone Apps,none
968,creating,Suriname,3664,1,3 Tips About MOSCOW BURNED DOWN You Can't Afford To Miss,none
969,pending,New Caledonia,3346,1,Here Is What You Should Do For Your MOSCOW BURNED DOWN,none
970,end,Israel,3868,1,Get Better MOSCOW BURNED DOWN Results By Following 3 Simple Steps,none
971,pending,Papua New Guinea,1404,1,3 Tips About MOSCOW BURNED DOWN You Can't Afford To Miss,none
972,creating,Viet Nam,989,1,Get Better MOSCOW BURNED DOWN Results By Following 3 Simple Steps,none
973,creating,Azerbaijan,2643,1,3 Tips About MOSCOW BURNED DOWN You Can't Afford To Miss,none
974,creating,Maldives,1675,1,3 Tips About MOSCOW BURNED DOWN You Can't Afford To Miss,none
975,pending,United Kingdom,3345,1,Short Story: The Truth About MOSCOW BURNED DOWN,none
976,end,Sweden,2113,1,3 Easy Ways To Make MOSCOW BURNED DOWN Faster,none
977,pending,Austria,2698,1,3 Easy Ways To Make MOSCOW BURNED DOWN Faster,none
978,pending,Morocco,2581,1,Get Better MOSCOW BURNED DOWN Results By Following 3 Simple Steps,none
979,end,Bulgaria,2996,1,Apply These 5 Secret Techniques To Improve MOSCOW BURNED DOWN,none
980,pending,Mongolia,2657,1,Here Is What You Should Do For Your MOSCOW BURNED DOWN,none
981,end,Montserrat,3183,1,Short Story: The Truth About MOSCOW BURNED DOWN,none
982,end,"Venezuela, Bolivarian Republic of",4092,1,Apply These 5 Secret Techniques To Improve MOSCOW BURNED DOWN,none
983,end,Bosnia and Herzegovina,1563,1,Short Story: The Truth About MOSCOW BURNED DOWN,none
984,creating,Tonga,1331,1,3 Easy Ways To Make MOSCOW BURNED DOWN Faster,none
985,pending,Palau,4868,1,3 Tips About MOSCOW BURNED DOWN You Can't Afford To Miss,none
986,end,Curaçao,4568,1,3 Easy Ways To Make MOSCOW BURNED DOWN Faster,none
987,end,"Moldova, Republic of",3599,1,Here Is What You Should Do For Your MOSCOW BURNED DOWN,none
988,end,Romania,3626,1,Here Is What You Should Do For Your MOSCOW BURNED DOWN,none
989,creating,Tajikistan,4648,1,Get Better MOSCOW BURNED DOWN Results By Following 3 Simple Steps,none
990,pending,Cayman Islands,2988,1,3 Easy Ways To Make MOSCOW BURNED DOWN Faster,none
991,end,Singapore,4365,1,3 Easy Ways To Make MOSCOW BURNED DOWN Faster,none
992,creating,Botswana,2516,1,3 Easy Ways To Make MOSCOW BURNED DOWN Faster,none
993,creating,Seychelles,1205,1,Short Story: The Truth About MOSCOW BURNED DOWN,none
994,pending,Albania,1320,1,Here Is What You Should Do For Your MOSCOW BURNED DOWN,none
995,creating,Fiji,1878,1,Apply These 5 Secret Techniques To Improve MOSCOW BURNED DOWN,none
996,pending,Estonia,1368,1,Apply These 5 Secret Techniques To Improve MOSCOW BURNED DOWN,none
997,pending,Libya,4259,1,3 Easy Ways To Make MOSCOW BURNED DOWN Faster,none
998,creating,Morocco,2635,1,3 Tips About MOSCOW BURNED DOWN You Can't Afford To Miss,none
999,end,Saint Vincent and the Grenadines,3735,1,Apply These 5 Secret Techniques To Improve MOSCOW BURNED DOWN,none
1000,pending,Honduras,3084,1,Apply These 5 Secret Techniques To Improve MOSCOW BURNED DOWN,none
